KO,ENG,JPN
수안산,Mt. Seuansan,遂安山
워터파크 스파밸리,Waterpark Spa Valley,ウォーターパーク·スパバレー
24시불가마찜질방,24:00 Bulgama Jjimjilbang,24時カマチムジルバン
그린파크,Green Park,グリーンパーク
금계산,Geumgyesan,金勘定
능천산,Neungcheon Mountain,綾川山
달구벌신협스포랜드,Dalgubeol Shinhyeop Spoland,ダルグボル信協スポランド
달성공원,Dalseong Park,達城公園
달성공원 동물원,Dalseong Park Zoo,達城公園動物園
6.25참전용사 기념비,Monument for Korean War Veterans,韓国戦争参戦勇士記念碑
대견사지,Daegyeonsa Temple Site,大見寺跡
대곡공원,Daegok Park,大谷公園
승마산,Mt. Seungmasan,乗馬山
도동측백나무숲,Oriental Arborvitae Forest in Do-dong,道東側の柏林
두류공원,Duryu Park,頭流公園
앞산공원전망대,Apsan Park Observatory,前山公園展望台
대왕스파랜드,Daewang Spa Land,大王スパランド
도원근린공원,Dowon Neighborhood Park,桃源近隣公園
대구동화사,Donghwasa Temple,大邱童話社
법이산,Bubi Mountain,法離散
법장사삼층석탑,Beopjangsa Temple Three-story Stone Pagoda,法蔵寺三重石塔
부인사,Buinsa Temple,婦人の辞
북지장사,Bukjijangsa Temple,北地商売
유가사,Yugasa Temple,ユガサ
비슬산자연휴양림,Biseulsan Recreational Forest,琵瑟山自然休養林
삼마산,Samma Mountain,三摩山
상원지,Sangwonji,上院紙
새터지,Saeteoji,サタジ
서곡지,Seogokji,序曲紙
서변온천,Seobyeon Hot Spring,西辺温泉
석경탕여관,Seokgyeongtang Inn,ソッキョンタン旅館
선사유적공원,Prehistoric Site Park,先史遺跡公園
성화사,Seonghwasa Temple,聖火リレー
소계정,Sogyejeong Pavilion,小勘定
소재사,Sojaesa Temple,所在地
수도암,Sudoam Temple,スドアム
수목원생활온천,Arboretum Saenghwal Spa Hot Spring,樹木園生活温泉
신광탕,Singwangtang,新鉱湯
신무동마애불좌상,Sinmu-dong Rock-carved Seated Buddha,神武洞磨崖仏坐像
쌍산,Ssangsan Hill,双山
안일사,Anilsa Temple,安逸寺
영영축성비,Yeongyeong Construction Monument,霊影築城比
한국불교태고종운흥사,Korean Buddhist Taegojong Unheungsa Temple,韓国仏教太古宗雲興寺
원더풀스파랜드,Wonderful Spa Land,ワンダフルスパランド
월곡역사공원,Wolgok History Park,月谷歴史公園
더월드음악사,The World Music Company,ザ·ワールド音楽社
월배공원,Wolbae Park,月背公園
월촌공원,Wolchon Park,月村公園
화원유원지월남참전기념비,Monument to the Vietnam War Memorial of Hwawon Recreation Area,花園遊園地ベトナム参戦記念碑
첨모재 사효당,Cheommojae Sahyodang Shrine,尖毛材サヒョダン
청련암,Cheongnyeonam Hermitage,青蓮岩
충혼탑,Chunghontap Tower,忠魂塔
팔공산케이블카,Palgongsan Cable Car,八公山ケーブルカー
팔공산하늘정원,Palgongsan Haneuljeongwon Park,八公山ハヌル庭園
향촌하와이,Hyangchon Hawaii,郷村ハワイ
달성현풍석빙고,"Stone Ice Storage in Hyeonpung, Dalseong",達城玄風石氷庫
동화사현풍포교당,Donghwasa Hyeonpung Pogyodang(Hermitage),桐華寺玄風布教堂
호수에멱감으로,Hosuemyeokgameuro Jjimjilbang,湖に嫁いで
호수사우나,Hosu Souna,湖サウナ
화원유원지,Hwawon Recreation Area,花園遊園地
효행비,Hyohaengbi (Monument to the Filial Piety),孝行費
신곡노을공원,Singok Noeul Park,新谷ノウル公園
각산온천헬스,Gaksan Hot Spring Health Jjimjilbang,角山温泉ヘルス
당산미,Dangsanmi,タンサンミ
운유산,Unyousan,ウンユ山
고촌성당,Gochon Cathedral,高村聖堂
대곶성당,Daegot Cathedral,大串聖堂
사우동성당,Sau-dong Cathedral,サウドン聖堂
장릉산,Mt. Jangneung,チャンルン山
전호산,Jeonho Mountain,チョンホ山
온수골 온천,Onsugol Hot Spring,オンスゴル温泉
초당공원,Chodang Park,チョダン公園
가랑산,Garang Mountain,加郞山
가래산,Garae Mountain,加来山
가학동지석묘,Dolmens in Gahak-dong,駕鶴洞支石墓
각흘계곡,Gakheul Valley,角屹渓谷
갑산,Gap Mountain,甲山
개명산,Gaemyeong Mountain,開明山
개원사,Gaewon Temple,開元寺
객산,Gaek Mountain,客山
건지산,Gunji Mountain,乾芝山
걸포중앙공원,Geolpo Central Park,傑浦中央公園
검단산,Geomdan Mountain,黔丹山
힐스템 하남신장점,Hillstem Hanam Sinjang Location,ヒルステム河南新長店
경기노회,Kyunggi Presbytery,競技老会
물향기수목원,Mulhyanggi Arboretum,ムルヒャンギ樹木園
공룡알화석지,Dinosaur's Egg Fosil Site,恐竜の卵化石地
계관산,Gyegwan Mountain,鶏冠山
고강선사유적공원,Gogang Prehistoric Relics Park,古康先史遺蹟公園
고등산,Godeung Mountain,コドゥン山
고래산,Gorae Mountain,高崍山
고삼호수,Gosam Lake,高三湖
고성산,Goseong Mountain,コソン山
고송정지,Gosong Pavilion Site,枯松亭址
고장산,Gojang Mountain,高嶂山
곡달산,Gokdal Mountain,鵠達山
관산공원,Gwansan Park,冠山公園
광교역사공원,Gwanggyo Historical Park,光教歴史公園
광덕산,Gwangdeok Mountain,広徳山
광성해수워터피아,Gwangseong Sea Waterpia,鉱性海水ウォーターピア
금정사,Geumjeong Temple,クムジョン寺
금현소류지,Geumhyeon Marsh,金峴沼溜地
기관산,Kigwan Mountain,箕観山
생명의말씀사 노원점,Lifebook Nowon Location,センミョンウィマルスム社蘆原店
기왓골어린이공원,Giwat Valley Children Park,キワッコル子供公園
기흥스파,Giheung Spa,器興スパ
김포스프링스파24,Gimpo Spring Spa 24,金浦スプリングスパ24
나들이공원,Nadeuri Park,ナドゥリ公園
한강중앙공원,Hangang River Central Park,漢江中央公園
낙생대공원체육시설,Naksaengdae Park Sports Facilities,ナクセンデ公園体育施設
남아프리카공화국참전기념비,Memorial for the Republic of South Africa Armed Forces,南アフリカ参戦記念碑
남양성모성지,The Shrine of Our Lady of Namyang,南陽聖母聖地
남양호,Namyang Lake,南陽湖
남이섬,Nami Island,南怡島
남이장군묘,General Nami's Grave,南怡将軍墓
남한강자전거길,Namhan River Bicycle Road,南漢江自転車道
남한강자전거도로,Namhan River Bicycle Road,南漢江自転車道路
남한산,Namhan Mountain,南漢山
네이처스파,Nature Spa,ネーチャースパ
노블레스스파24시,Noblesse 24 Hour Spa,ノブレススパ24時
노성산,Noseong Mountain,ノソン山
노아산,Noa Mountain,ノア山
노을빛공원,Noeulbit Park,ノウルビッ公園
성호공원,Seongho Park,星湖公園
노적봉폭포,Nojeokbong Falls,ノジョク峰滝
노적사,Nojeok Temple,ノジョク寺
노적산,Nojeok Mountain,ノジョク山
녹수계곡,Noksu Valley,ノクス渓谷
농밭구미산,Nongbat Gumi Mountain,ノンバックミ山
누에섬등대전망대,Nue Island Lighthouse Observatory,ヌエソム灯台展望台
눈꽃공원,Nunkkot Park,ヌンコッ公園
능골공원,Neunggol Park,ヌンゴル公園
평북노회,Pyeongbuk Presbytery,ピョンブク老会
대한예수교장로회합동정통,The Presbyterian General Assembly of Korea,大韓イエス教長老会・合同正統
덕고개공원,Deokgogae Park,トク峠公園
덕곡재,Deokgokjae Pass,トクゴクジェ
덕수천근린공원,Deoksucheon Neighborhood Park,トクス川近隣公園
덕암사,Deogamsa Temple,トガム寺
덕포진,Deokpojin Fort,徳浦鎮
도곡공원,Dogok Park,道谷公園
도당근린공원,Dodang Neighborhood Park,陶唐近隣公園
대천해수욕장,Daecheon Beach,大川海水浴場
도리도등대,Dorido Lighthouse,桃李島灯台
도마치계곡,Domachi Valley,道馬峙溪谷
용인군독립항쟁기념탑,Yongin-gun Memorial Monument to the Struggle for Independence,龍仁郡独立抗争記念塔
돌방고지돌,Dolbanggojidol Valley,トルバンゴジドル
동산리마애여래상,Dongsanmaaeyeoraesang statue of Buddha,東山里 磨崖如来像
송월동동화마을,Songwol Donghwa Village,松月洞童話村
두창리삼층석탑,Three-story Stone Pagoda in Duchang-ri,杜倉里三層石塔
죽산두현리석조삼존불상,Juksanduhyeolliseokjosamjon statue of Buddha,竹山斗峴里石造三尊仏像
둔촌이집묘역,Cemetery of Dunchon Lee Jip,遁村李集墓域
월곶포구,Wolgot Port,月串浦口
만안교,Manangyo Bridge,万安橋
만의사,Manui Temple,万医師
만철리벌판,Mancheollibeolpan Valley,マンチョリポルパン
망월사,Mangwol Temple,望月寺
망현산,Manghyeon Mountain,望峴山
매봉재,Maebongjae Valley,メボンジェ
명달현,Myeongdalhyeon Valley,明達峴
명성황후 생가,the birthplace of Empress Myeongseong,ミョンソンファンフ・センガ
명지산군립공원,Myeongjisan County Park,明知山郡立公園
모락산,Morak Mountain,慕洛山
미륵암,Mireukam Temple,弥勒庵
밤웅지,Bamungji Valley,パムウンジ
벽계구곡수입야영장,Byeokgyegugoksuip Campground,蘗渓九曲スイプキャンプ場
별빛공원,Byeolbit Park,ピョルビッ公園
보광사,Bokwangsa Temple,普光寺
보리수불교예술원,Borisu Bulgyoyesurwon Buddhist Goods,菩提樹仏敎芸術院
봉국사,Bongguksa Temple,奉国寺
봉산도시자연공원,Bongsan Urban Nature Park,鳳山都市自然公園
봉인사,Bonginsa Temple,奉印寺
풍년공원물놀이장,Pungnyeon Park Water Play Zone,ポンニョン公園水遊び場
부천시자연생태공원,Bucheon Eco Park,富川市自然エコパーク
부천식물원,Bucheon Botanical Garden,富川植物園
불암사,Buramsa Temple,仏巖寺
산들공원,Sandeul Park,サンドゥル公園
산빛공원,Sanbit Park,サンビッ公園
대한불교조계종삼막사남녀근석,Fertility Stones of Sammaksa Temple,大韓仏教曹溪宗三幕寺男女根石
상동호수공원,Sangdong Lake Park,上洞湖水公園
상운사,Sangunsa Temple,サンウン寺
상원사,Sangwonsa Temple,上院寺
상희공원,Sanghui Park,サンヒ公園
새말공원,Saemal Park,セマル公園
불곡산생태공원,Bulgoksan Ecological Park,仏谷山生態公園
서계박세당사랑채,Guesthouse of Seogye Park Se-dang,西渓朴世堂舎廊
서독산,Seodok Mountain,書読山
서봉산,Seobong Mountain,棲鳳山
서울대공원 동물원,Seoul Grand Park Zoo,ソウル大公園動物園
서울대공원산림욕장,Seoul Grand Park Forest Park,ソウル大公園山林浴場
서울대학교관악수목원,Seoul National University Gwanak Arboretum,ソウル大学校冠岳樹木園
서천사,Seocheonsa Temple,ソチョン寺
서촌공원,Seochon Park,ソチョン公園
아침고요수목원서화연,"The Garden of Morning Calm, Seo Hwa-yeon",アチムゴヨ樹木園ソファヨン
서흥김씨삼강정문,Memorial Gate for the Seoheung Kim Clan,瑞興金氏三綱旌門
석굴암,Seokguram,石窟庵
석남사,Seoknamsa Temple,石南寺
석림사,Seoknimsa Temple,石林寺
보광사석불전,Bogwangsaseokbuljeon,普光寺石仏殿
안양석수동마애종,Anyang Seoksu-dong Maaejong,安養石水洞磨崖鐘
선법사,Seonbeopsa Temple,善法師
선화연,Seonhwayeon Pond,ソンファヨン
설매재자연휴양림,Seolmaejae Recreational Forest,雪梅峠自然休養林
설성산,Seolseong Mountain,雪星山
섬말공원,Seommal Park,ソンマル公園
성사영묘,Seongsayeongmyo Shrine,聖師影廟
성산수양관,Seongsan Retreat Center,城山修養館
성심지,Sangsamji Pond,ソンシム池
단원조각공원,Danwon Sculpture Park,檀園彫刻公園
청주한씨세거비,Memorial Shrine of the Cheongju Han Clan,清州韓氏の世居碑
소고리마애여래좌상,Sogo-ri Rock-carved Seated Buddha,所古里磨崖如来坐像
소망공원,Somang Park,ソマン公園
솔트빌리지,Salt Village,ソルトビレッジ
송운공원,Songun Park,松雲公園
수도사,Sudosa Temple,修道寺
수생생태체험장,Aquatic Eco Experience,水生生態体験場
기흥성바오로성당,Giheung St. Paul's Cathedral,器興聖パウロ聖堂
수원교구동백성마리아성당,Dongbaek St. Maria's Cathedral in the Diocese of Suwon,水原教区東栢聖マリア聖堂
동백성요셉성당,Dongbaek St. Yoseph's Cathedral,東栢聖ヨセフ聖堂
모현성당,Mohyeon Cathedral,慕賢聖堂
천주교미리내성요셉성당,Mirinae St. Joseph's Cathedral,カトリック美里川聖ヨセフ聖堂
백암성당,Baegam Cathedral,白岩聖堂
분당이매동성당,Bundang Imaedong Cathedral,盆唐二梅洞聖堂
천주교 분당 성요한성당,Bundang St. John's Cathedral,カトリック盆唐聖ヨハネ聖堂
수원사,Suwonsa Temple,水源サ
수원시종합관광안내소,Suwon-si Tourist Information Center,水原市総合観光案内所
수진공원,Sujin Park,寿進公園
동인천스파랜드,Dong-Incheon Spa Land,東仁川スパランド
스파아일랜드,Spa Island,スパアイランド
시화호,Sihwaho Lake,始華湖
갯골생태공원,Gaetgol Ecological Park,ケッコル生態公園
인천종합관광안내소,Incheon Tourist Information Centre,仁川総合観光案内所
여주신륵사다층석탑,"Multi-story Stone Pagoda of Silleuksa Temple, Yeoju",驪州神勒寺多層石塔
여주신륵사대장각기비,"Stele for the Construction of Daejanggak Depositories of Silleuksa Temple, Yeoju",驪州神勒寺大蔵閣記碑
신창리삼층석탑,Three-story Stone Pagoda of Sinchang-ri,新倉里三層石塔
쌍용산,Ssangyong Mountain,サンヨン山
평택호관광지,Pyeongtaeko Lake Tourist Attraction,平沢湖観光地
아침고요수목원,Morning Calm Arboretum,アチムゴヨ樹木園
안산식물원,Ansan Botanical Garden,安山植物園
안성맞춤가족공원,Anseongmatchum Family Park,うってつけ家族公園
안성죽림리삼층석탑,"Three-story Stone Pagoda of Jungnim-ri, Anseong",安城竹林里三重石塔
안성죽산리삼층석탑,"Three-story Stone Pagoda of Juksan-ri, Anseong",安城竹山里三層石塔
안성죽산리석불입상,"Stone Standing Buddha of Juksan-ri, Anseong",安城竹山里石仏立像
칠장사혜소국사비,Stele for State Preceptor Hyeso at Chiljangsa Temple,七長寺萸慧炤国師碑
안양시종합안내소,Anyang City General Information Center,安養市総合案内所
평촌중앙공원,Pyeongchon Central Park,坪村中央公園
양주시종합관광안내센터,Yangju-si General Tourist Information Center,楊州市総合観光案内センター
양지스파랜드,Yangji Spa Land,ヤンジ スパランド
에버랜드,Everland,エバーランド
여주양화나루,Yeoju Yanghwa Naru Quay,驪州楊花ナル
여주창리삼층석탑,"Three-story Stone Pagoda in Chang-ri, Yeoju",驪州倉里三層石塔
연주암,Yeonjuam Temple,恋主庵
연천심원사지,Simwonsa Temple Site in Yeoncheon,漣川深源寺址
영월루,Yeongwolru Pavilion,迎月楼
서울대공원종합안내소,Seoul Grand Park Information Center,ソウル大公園総合案内所
오션스파,Ocean Spa,オーシャンスパ
오이도기념공원,Oido Memorial Park,烏耳島記念公園
용덕사,Yongdeoksa Temple,龍徳寺
용문사,Yongmunsa Temple,龍門寺
산음자연휴양림,Saneum Natural Recreation Forest,山陰自然休養林
용문산전투가평지구전적비,Yongmunsan Battle Monument,龍門山戦闘加平地区戦蹟碑
모현다목적복지회관,Mohyeon Multipurpose Welfare Center,慕賢多目的福祉会館
가평용추계곡,Gapyeong Yongchu Valley,加平龍墜渓谷
원곡공원,Wongok Park,元谷公園
원불교 분당교당,Won-Buddhism Temple of Bundang,円仏教盆唐教堂
남원랜드,Namwon Land,南原ランド
유엔군초전기념비,UN Forces First Battle Monument,UN軍初戦記念碑
분당중앙공원,Bundang Jungang Park,盆唐中央公園
배곶공원,Baegot Park,ペゴッ公園
육림랜드,Yooklim Land,陸林ランド
파주놀이구름,Paju Noli Gureum,坡州遊び雲
평화공원,Pyeonghwa Park,平和公園
평화의소녀상,Pyeonghwawi Sonyeosang,平和の少女像
합천영상테마파크,Hapcheon Youngsang Theme Park,陜川映像テーマパーク
흥인지문공원,Heunginjimun Park,興仁之門公園
은데미공원,Eundemi Park,ウンデミ公園
은두산,Mt. Eundu,銀頭山
은방울공원,Eunbangool Park,スズラン公園
은이산,Euni Mountain,ウニ山
은장산,Eunjang Mountain,銀蔵酸
은하수공원,Eunhasu Park,銀河水公園
은항아리스파랜드,Eunhangari Spa Land,ウンハンアリスパランド
간절곶,Ganjeolgot Cape,切干岬
강남공원,Gangnam Park,江南公園
개나리어린이공원,Gaenari Chidren's Park,ケナリ子供公園
고인돌공원,Dolmen Park,支石墓公園
관산꿈동산공원,Gwansankkumdongsan Park,關山夢東山公園
군자샛별공원,Gunja Saetbyeol Park,君子セッピョル公園
금남로공원,Geumnamro Park,錦南路公園
김포아트빌리지,Gimpo Art Village,金浦アートビレッジ
김포장릉홍살문,Kimpo Jangneung Hongsalmun,金浦長陵紅箭門
까치공원,Kkachi Park,カササギ公園
까투렴공원,Kkaturyeom Park,カトゥーリョム公園
나루공원,Naru Park,ナル公園
나무공원,Namu Park,木の公園
남원에어레일,Namwon Air Rail,南原エアレール
남해충렬사,Namhae Chungnyeolsa Temple,南海忠烈祠
내황공원,Naehwang Park,内皇公園
너른공원,Neoreun Park,広い公園
넘말공원,Numal Park,ノムマル公園
대갈놀이공원,Daegal Amusement Park,テガル遊び公園
대월놀이공원,Daewol Amusement Park,大月遊園地
대촌공원,Daechon Park,大村公園
도두리공원,Doduri Park,道頭里公園
돌섬공원,Dolseom Park,石島公園
동백호수공원,Dongbaek Lake Park,椿湖公園
동춘근린공원,Dongchun Neighborhood Park,東春近隣公園
동탄호수공원,Dongtan Lake Park,東灘湖公園
동화공원,Donghwa Park,童話公園
두레뜰공원,Duretteul Park,トゥレトゥル公園
명덕호수공원,Myeongdeok Lake Park,明徳湖公園
무지개공원,Mujigae Park,虹の公園
물방울공원,Mulbangul Park,水滴公園
물새공원,Mulsae Park,水鳥公園
박경리문학공원,Pak Kyongni Literature Park,パク·キョンリ文学公園
반달공원,Bandal Park,半月公園
방아다리공원,Bangadari Park,バンアダリ公園
방죽공원,Bangjuk Park,防竹公園
백토공원,Baekto Park,白土公園
벌막공원,Beolmak Park,ポルマク公園
별공원,Byeol Park,星公園
별마로천문대,Byeolmaro Observatory,別麻呂天文台
보배공원,Bobae Park,宝飾公園
부산엑스더스카이,Busan X the Sky,釜山エックスザスカイ
부용대,Buyongdae,芙蓉台
사랑공원,Sarang Park,サラン公園
사랑샘공원,Sarangsaem Park,サランセム公園
산새공원,Sansae Park,山鳥公園
살나리공원,Salnari Park,サルナリ公園
상무조각공원,Sangmu Sculpture Park,尚武彫刻公園
새갈놀이공원,Saegal Nori Park,セガル遊園地
새싹공원,Saessak Park,セサッ公園
서울동묘공원,Seoul Dongmyo Park,ソウル東廟公園
석천공원,Seokcheon Park,石川公園
선삼로공원,Sunsamro Park,善三路公園
성주참외체험형테마공원,Seongju Oriental Melon Experience Theme Park,星州マクワウリ体験型テーマ公園
세모공원,Semo Park,細毛公園
세종호수공원,Sejong Lake Park,世宗湖公園
소래소공원,Soraeso Park,蘇莱沼公園
수산항,Susan Port,水産港
시흥공원,Siheung Park,始興公園
신라공원,Silla Park,新羅公園
신숭겸장군유적지,Historic Site of General Sin Sunggyeom,申崇謙将軍遺跡地
씨사이드파크염전체험,Sea-Side Park Saltern Experience,シーサイドパーク塩田体験
아양루,Ayangru Pavilion,亜陽楼
안산갈대습지,Ansan Reed Wetland,安山葦湿地
안흥유원지,Anheung Recreation Area,安興遊園地
야은역사체험관,Yaeun History Experience Center,弥恩歴史体験館
양림 근대역사문화마을,Yangnim Modern History and Culture Village,ヤンリム近代歴史文化村
양산호수공원,Yangsan Lake Park,梁山湖公園
어울림공원,Eoullim Park,オウリム公園
언구비공원,Eongubi Park,アングビ公園
영남대학교 경산캠퍼스 민속촌,Yeungnam University Gyeongsan Campus Folk Village,嶺南大学校慶山キャンパス民俗村
오월루,Owollu Pavilion,五月楼
오이도,Oido Island,烏耳島
온들녘공원,Ondeullyeok Park,オンドルの公園
완월정,Wanwoljeong Pavilion,緩月亭
왜둘기공원,Waedulgi Park,アオバト公園
용소막성당,Yongsomak Cathedral,ヨンソマク聖堂
우도도항선선착장,Udo Dohangseon Quay,牛島港線船着場
우음도,Ueumdo Island,優音度
울기등대,Ulgi Lighthouse,泣き灯台
은이성지,Euni Sanctuary,銀二星紙
은하수교,Eunhasugyo Bridge,天の川橋
이곡장미공원,Igok Jangmi Park,二谷バラ公園
익산 교도소 세트장,Iksan Prison Film Set,益山刑務所セット場
작전공원,Jakjeon Park,作戦公園
장사해수욕장,Jangsa Beach,長沙海水浴場
적금공원,Jeokgeum Park,積金公園
전동성당,Jeondong Cathedral,殿洞聖堂
정암해수욕장,Jeongam Beach,井岩海水浴場
정왕3공원,Jeongwang 3 Park,正往3公園
정왕4공원,Jeongwang 4 Park,正往四公園
정왕5공원,Jeongwang 5 Park,正往五公園
정자문화공원,Jeongja Cultural Park,亭子文化公園
주택희망공원,Jutaek Huimang Park,住宅希望公園
지리산 청학동,Jirisan Cheonghakdong,智異山青鶴洞(チリサンチョンハクドン)
지앤지오 말글터,G&GO Malgeulteo,G&Gマルグルタ
찬우물공원,Chanumul Park,チャヌムル公園
창원수목원,Changwon Arboretum,昌原樹木園
천곡황금박쥐동굴,Cheongok Golden Bat Cave,千曲黄金コウモリ洞窟
철원역사문화공원,Cheorwon History & Culture Park,鉄原歴史文化公園
청룡공원,Cheongryong Park,青龍公園
최명희문학관,Choi Myeong Hee Literary Museum,崔明姫文学館
춘향관,Chunhyang Museum,春香観
춘향사당,Shrine to Chunhyang,春香寺堂
큰솔공원,Keunsol Park,クンソル公園
태봉공원,Taebong Park,テボン公園
텃밭학교,Teotbat School,菜園学校
포항 해상스카이워크,Pohang Haesang Skywalk,浦項海上スカイウォーク
하고수동해수욕장,Hagosudong Beach,下古水洞海水浴場
하늬근린공원,Hanui Neighborhood Park,ハニ近隣公園
한밭수목원,Hanbat Arboretum,ハンバッ樹木園
한벽당,Hanbyeokdang Pavilion,寒碧堂
해맞이동산별빛산책로,Sunrise Hill Beolbit Trail,日の出の園、星明かり散策路
해솔공원,Haesol Park,ヘソル公園
현대예술공원,Hyundai Art Park,現代芸術公園
화랑공원,Hwarang Park,花郎公園
의정부회룡사5층석탑,"Five-story Stone Pagoda of Hoeryongsa Temple, Uijeongbu",議政府回龍寺5層石塔
이천도예마을,Icheon Pottery Village,利川陶芸マウル
이천백송,Lacebark Pine of Icheon,利川百松
이천온천지구,Icheon Hot Springs District,利川温泉地区
인계예술공원,Ingye Art Park,仁渓芸術公園
쥬쥬랜드,Zoozoo Land,ジュジュランド
화성식염온천,Hwaseong Table Salt Hot Springs,華城食塩温泉
예술 스파랜드,Yesul Spa Land,芸術スパランド
연하리향나무,Juniper Tree of Yeonhari,ハリビャクシン
가평학도의용대참전기념비,Student Soldiers of Gapyeong War Monument,加平学徒義勇隊参戦記念碑
현충탑,Memorial Tower,顕忠塔
종합안내소,Information Center,総合案内所
인평대군치제문비,Stele of Grand Prince Inpyeong,麟平大君致祭文碑
경앙사,Gyeongyangsa Temple,敬仰寺
구리시고구려대장간마을,Goguryeo Blacksmith's Village,九里市高句麗鍛冶屋村
광개토태왕광장,King Gwanggaeto Plaza,広開土大王広場
광개토태왕비,Gwanggaeto Stele,広開土太王妃
광개토태왕동상,Statue of King Gwanggaeto,広開土太王銅像
광남생활체육공원,Gwangnam Sports Center,広南生活体育公園
광릉크낙새서식지,Gwangneungk White Bellied Black Woodpecker Habitat,広陵クナグサ生息地
한국문화예술교육진흥원,Korea Arts & Culture Education Service,韓国文化芸術教育振興院
구리한강시민공원,Guri Hangang Park,九里漢江市民公園
국망봉 자연휴양림,Gukmangbong Recreational Forest,国望峰自然休養林
국사암,Guksaam Hermitage,国師岩
궁평리해수욕장,Gungpyeongri Beach,宮坪里海水浴場
궐리사,Gwollisa Temple,クォリサ
그리스군참전비,Monument Dedicated to Greek Armed Forces in the Korean War,ギリシャ軍参戦費
극락사,Geungnaksa Temple,極楽寺
일산비전센터,Ilsan Vision Center,一山ビジョンセンター
금광소공원,Geumgang Small Park,金鉱沼公園
낙원역사공원,Nakwon History Park,楽園歴史公園
N서울타워,N Seoul Tower,Nソウルタワー
남양낚시터,Namyang Fishing Site,南陽釣り場
남양주종합촬영소,KOFIC Namyangju Studios,南楊州総合撮影所
남한강,Namhangang River,南漢江
누에섬등대,Nueseom Lighthouse,ヌエム灯台
정약용유적지,Jeong Yak Yong Historic Site,丁若鏞遺跡地
단대공원,Dandae Park,丹垈公園
대대천자전거길,Daedaecheon Bicycle Path,大大川自転車道
대로사비,Daerosa Shrine,大通りサビ
대성사,Daeseongsa Temple,大成寺
대성사우나,Daeseong Jjimjilbang,大成サウナ
보광사대웅보전,Daeungbojeon Hall of Bogwangsa Temple,普光寺大雄宝殿
덕송천1교,Deoksongcheon 1st Bridge,徳松川1橋
도곡천교,Dogokcheon Bridge,道谷川橋
도일천1교,Doilcheon 1st Bridge,道日川 1橋
동도사,Dongdosa Temple,同道士
둔포천2교,Dunpocheon 2nd Bridge,屯浦川2橋
만월암,Manwolam Hermitage,満月岩
명성황후 생가기념관,Memorial Birth Home of Empress Myeongseong,明成皇后 生家記念館
목신리보살상,Standing Avalokitesvara Bodhisattva Statue in Moksin-ri,木身リボ殺傷
무들공원,Mudeul Park,ムードル公園
무량사,Muryangsa Temple,無量詞
문천사,Muncheonsa Temple,文泉寺
물왕호수,Murwanghosu Lake,物旺湖
미관광장,Migwan Square,美観広場
미사힐링스파,Misa Healing Spa,ミサヒーリングスパ
바우덕이사당,Baudeogi Shrine,バウドクイサダン
박두진시비,Monument to Park Dujin,パク·ドゥジンの是非
입파도등대,Ippado Lighthouse,立波島灯台
화성식염온천가족탕1호,Hwaseong Salted Hot Spring Family Pool No.1,華城食塩温泉家族湯1号
방아다리개울,Bangadarigaeul Brook,引き金筒
방초정,Bangchojeong Pavilion,防草艇
백두산랜드,Baekdusan Land,白頭山ランド
백련암,Baengnyeonam Hermitage,白蓮岩
백운사,Baegunsa Temple,白雲寺
보원탄산온천,Bowon Carbonated Hot Springs,普願炭山温泉
보적사,Bojeoksa Temple,宝積寺
봉선사,Bongseonsa Temple,奉禅師
봉영사,Bongyeongsa Temple,ポンヨン寺
부천중앙공원,Bucheon Central Park,富川中央公園
북수원 온천,Buksuwon Hot Springs,北水原 温泉
북한강,Bukhangang River,北漢江
북한산국립공원백운대코스,Bukhansan National Park Baegundae Course,北漢山国立公園白雲台コース
용인고안리분청사기도요지,"Buncheong Kiln Site, Yongin Goan-ri",龍仁古安里粉青沙器窯址
블루오션,Blue Ocean,ブルーオーシャン
비석거리,Monument Street,碑石通り
사성공원,Saseong Park,サソン公園
구산동마을공원,Gusandong Village Park,亀山洞町公園
산정호수,Sanjeonghosu Lake,山井湖
삼정양어장,Samjeong Fish Farm,三井養魚場
성지골낚시터,Seongjigol Fishing Site,ソンジゴル釣り場
한국학중앙연구원 장서각,Jangseogak Archives,韓国学中央研究院 蔵書閣
한강유람선 아라호,Hangang Ferries Ara,漢江遊覧船 アラ号
수종사오층석탑,Five-story Stone Pagoda of Sujongsa Temple,水鐘寺五層石塔
코엑스아쿠아리움,Coex Aquarium,コエックスアクアリウム
그린스파랜드,Green Spa Land,グリーンスパランド
용인공원,Yongin Park,龍仁公園
신륵사국민관광지,Silleuksa Temple National Tourist Area,神勒寺国民観光地
신륵사다층석탑,Multi-story Stone Pagoda at Silleuksa Temple,神勒寺多層石塔
신원동 성 프란치스코성당,Shinwondong St Francisco Cathedral,新院洞聖フランシスコカトリック教会
수원광교박물관,Suwon Gwanggyo Museum,水原広橋博物館
아라크노피아생태수목원,Arachnopia Eco-Arboretum,アラクノピア生態樹木園
종현어촌체험관광마을,Jonghyeon Fishing Village,ジョンヒョン漁村体験観光村
안성대농리석불입상,"Stone Standing Buddha of Daenong-ri, Anseong",安城大農理石仏立像
안성 봉업사지,Bongeopsa Temple Site of Anseong,安城奉業寺址
고척스카이돔,Gocheok Skydome,高尺スカイドーム
양감동원물류단지,Yanggam Dongwon Distribution Complex,楊甘東原物流団地
천주교양근성지,Yanggeun Catholic Sanctuary,天主教養根聖地
적개벌,Jeokgaebeol Valley,チョッケポル
용문산관광단지,Yongmunsan Tourist Complex,龍門山観光団地
용천휘트니스센터,Yongcheon Fitness Center,ヨンチョンフィットネスセンター
운중천,Unjungcheon,雲中天
원마운트 워터파크,One Mount Water Park,ワンマウントウォーターパーク
보개산 원심원사,Bogae Mountain Wonsimwonsa (Temple),補開山遠心原糸
원적산,Wonjeok Mountain,原積算
은행식물원,Eunhaeng Botanical Garden,イチョウ植物園
스파골드,Spa Gold,スパゴールド
장경사,Janggyeongsa Temple,長慶寺
양주시립장욱진미술관,Yangju City Chang Ucchin Museum of Art,楊州市立チャン·ウクジン美術館
장흥자생수목원,Jangheung Natural Arboretum,長興自生樹木園
제이스파,J Spa,ジェイスパ
지산천,Jisancheon,地産川
한내근린공원,Hannae Neighborhood Park,ハンネ近隣公園
불가마천지연랜드,Bulgama Cheonjiyeon Land,ブルガマ天地淵ランド
청수동계곡,Cheongsudong Valley,清水洞渓谷
청계호수,Cheonggye Lake,清渓湖
청원사7층석탑,Cheongwonsa 7Cheung Seoktap,清原寺七重石塔
정동진조각공원,Jeongdongjin Sculpture Park,正東津彫刻公園
포천성당,Pocheon Cathedral,抱川聖堂
충목단,Chungmokdan,忠牧団
제일낚시터,Jeil Fishing Area,第一釣り場
칠보산,Chilbo Mountain,七宝山
칠봉산,Chilbong Mountain,七峰山
캐리비안베이,Caribbean Bay,カリビアンベイ
태고사,Taegosa Temple,太古寺
테마파크 쥬쥬실내동물원,Theme Park Juju Indoor Zoo,テーマパーク ジュジュ室内動物園
판교 테크노파크 공원,Pangyo techno-park Park,板橋テクノパーク公園
송탄관광특구,Songtan Special Tourist Zone,松炭観光特区
학동천,Hakdongcheon,鶴洞川
하남 동사지,Hanam Dongsa Temple,河南東寺跡
하늘공원,Haneul Park,ハヌル公園
한탄강관광지 오토캠핑장,Hantangang Gwangwangjee Auto Camping Site,漢灘江観光地オートキャンプ場
내연산,Naeyeon Mountain,內延山
제부놀이공원,Jebu Amusement Park,済扶遊園地
제주마그마 여성전용찜질방,Jeju Magma Women's Jjimjilbang,済州マグマ女性専用チムジルバン
화성스마트밸리,Hwaseong Smart Valley,華城スマートバレー
가재울중앙공원,Gajaeul Central Park,カジェウル中央公園
흥국사,Heungguksa,興国寺
흥왕사,Heungwangsa,興王寺
주니수족관,Juni Aquarium,チュニ水族館
중미산자연휴양림,Jungmisan Natural Recreation Forest,仲美山自然休養林
중흥사,Jungheungsa Temple,中興寺
지수당,Jisudang Pavilion,池水堂
진달래공원,Jindallae Park,チンダルレ公園
안양명물순대곱창골목,Anyang Famous Sundae Gopchang Alley,安養名物スンデコプチャン路地
양주골한우마을,Yangju-gol Korean Beef Village,ヤンジュゴル韓牛村
오이도음식문화거리,Oido Food Culture Street,烏耳島食文化通り
옥천리 냉면마을,Okcheon-ri Cold Noodles Village,玉川里冷麺村
의정부부대찌개거리,Uijeongbu Budaejjigae Street,議政府プデチゲ通り
창룡문,Changnyongmun Gate,蒼竜門
창현체육공원,Changhyeoncheyuk Park,倉峴体育公園
천진암성지,Cheonjinam Holy Ground,天真庵聖地
철망산근린공원,Cheolmangsan Neighborhood Park,鉄網山近隣公園
청계약수터,Cheonggye Mineral Spring,淸渓湧水
청산힐링샘,Cheongsan Healing Spring,青山ヒーリング泉
청옥탕,Cheongok Bath,チョンオク大衆浴場
청평호,Cheongpyeong Lake,清平湖水
축령산자연휴양림,Chukryeongsan Natural Recreation Forest,祝霊山自然休養林
태봉암,Taebongam Temple,テボンアム
판교공원,Pangyo Park,板橋公園
팔달공원,Paldal Park,八達公園
평강식물원,Pyeonggang Botanical Garden,平康植物園
평안공원,Pyeongan Park,坪安公園
풍도등대,Pungdo Lighthouse,楓島燈台
프랑스군참전기념비,French Army Monument,フランス軍参戦記念碑
한국민속촌,Korean Folk Village,韓国民俗村
한마음공원,Hanmaum Park,ハンマウム公園
한미해병대참전비,ROKMC and USMC War Monument,韓米海兵隊参戦碑
한양스파랜드,Hanyang Spa Land,ハンヤンスパランド
한탄강,Hantangang River,漢灘江
해오라기근린공원,Haeoragi Neighborhood Park,ヘオラギ近隣公園
향남힐링스파,Hyangnam Healing Spa,香南ヒーリングスパ
현충근린공원,Hyeonchung Neighborhood Park,顕忠近隣公園
호국사,Hoguksa Temple,護国寺
호명호수공원,Homyeong Lake Park,虎鳴湖水公園
화성행궁,Temporary Palace at Hwaseong Fortress,華城行宮
황금해안길,Hwanggeum Coastal Trail,黄金海岸道
회암사,Hoeamsa Temple,檜岩寺
효원공원,Hyowon Park,孝園公園
88호수,Lake 88,88湖水
가락근린공원,Garak Neighborhood Park,可楽近隣公園
고리울가로공원,Goriwool Roadside Park,古里ウルガロ公園
가온문화공원,Gaon Culture Park,カオン文化公園
감로천생태공원,Gamrocheon Ecological Park,甘露川生態公園
강남스파랜드,Gangnam Spa Land,江南スパランド
거여공원,Geoyeo Park,巨餘公園
경국사,Gyeongguksa Temple,慶國寺
경복궁강녕전,"Gyeongbokgung Palace, Gangnyeongjeon",景福宮康寧殿
경복궁 경회루,"Gyeongbokgung Palace, Gyeonghoeru Pavilion",景福宮慶会楼
경복궁교태전,"Gyeongbokgung Palace, Gyotaejeon",景福宮交泰殿
경복궁매표소,Gyeongbokgung Palace Ticket Office,景福宮チケット売り場
서울관광플라자,Seoul Tourism Plaza,ソウル観光プラザ
경복궁자경전,"Gyeongbokgung Palace, Jagyeongjeon Chamber",景福宮慈慶殿
경의선숲길공원,Gyeongui Line Forest Park,京義線森ギル公園
경희궁,Gyeonghuigung Palace,慶熙宮
경희궁흥화문,"Gyeonghuigung Palace, Heunghwamun Gate",慶熙宮興化門
계남근린공원,Gyenam Neighborhood Park,桂南近隣公園
서울숲 곤충식물원,Seoul Forest Insect Botanical Garden,ソウルの森昆虫植物園
쌈지공원안내소,Ssamji Park Information Center,サムジ公園案内所
대구관광정보센터,Daegu Tourism Information Center,大邱観光情報センター
서울관상감관천대,"Gwancheondae Obervatory of Gwansanggam, Seoul",ソウル特別市觀象監觀天臺
낙성대공원,Nakseongdae Park,落成垈公園
관음사,Gwaneumsa Temple,観音寺
광나루 한강공원,Gwangnaru Hangang River Park,クァンナル漢江公園
광나루자전거공원,Gwangnaru Bicycle Park,クァンナル自転車公園
광화문,Gwanghwamun Gate,光化門
구서울대학교본관,Former Main Building of Seoul National University,旧ソウル大学本館
구암공원,Guam Park,亀岩公園
4.19민주묘지,April 19th National Cemetery,4.19民主墓地
국립서울현충원,Seoul National Cemetery,国立ソウル顕忠院
국제선센터 템플스테이,International Flight Center Temple Stay,国際ソンセンター・テンプルステイ
서울숲군마상,Seoul Forest War Horse Statue,ソウル森の群馬像
강남역 찜질방 강남코리아,Gangnam Station Jjimjilbang Gangnam Korea,江南駅チムジルバン 江南コリア
관문사 템플스테이,Gwanmunsa Temple Stay,観門寺 テンプルステイ
광나루한강시민공원암사생태공원,Gwangnaru Hangang Park Amsa Ecological Park,クァンナル漢江市民公園 岩寺生態公園
노들나루공원,Nodeulnaru Park,ノドゥルナル公園
남산공원,Namsan Park,南山公園
상도동예배당,Sangdodong Chapel,上道洞礼拝堂
개나리공원,Forsythia Park,ケナリ公園
덕수궁덕흥전,Deoksugung Palace Deokheung Hall,徳寿宮 トクフンジョン
덕수궁대한제국역사관,Deoksugung Palace Daehan Empire History Museum,徳寿宮 大韓帝国歴史館
동대문역사문화공원,Dongdaemun History & Culture Park,東大門歴史文化公園
동막골유원지,Dongmakgol Recreation Area,トンマッコル 遊園地
떡박물관,Tteok Museum,トク博物館
락고재 서울 북촌한옥마을,Rakkojae Hanok Hotels Seoul Bukchon Hanok Village,ラクコジェ ソウル 北村韓屋マウル
롯데월드 어드벤처,Lotte World Adventure,ロッテワールドアドベンチャー
명동관광정보센터,Myeongdong Tourist Information Center,明洞観光情報センター
남산봉수대,Namsan Beacon Fire Station,南山烽燧台
묘각사 템플스테이,Myogaksa Templestay,妙覚寺 テンプルステイ
무악동 봉수대,the Beacon Fire Station in Muak-dong,舞楽洞烽燧台
역사진흥원,Yeoksajinheungwon History Development Agency,歴史振興院
바랑골,Baranggol Valley,パランゴル
반포 한강공원,Banpo Hangang Park,盤浦漢江公園
반포한강공원관리소,Banpo Hangang Park General Services Office,盤浦漢江公園 管理所
백련근린공원,Baengnyeon Neighborhood Park,ペクリョン近隣公園
본원정사,Bonwonjeongsa Temple,本願精舍
봉은사선불당,Bongeunsa Seonbuldang Temple,奉恩寺 選仏堂
부용지,Buyongji Pond,芙蓉池
북악산,Mt. Bukak,北岳山
북악팔각정,Bugak Octagonal Pavilion,北岳八角亭
북촌8경,Eight Scenic Views of Bukchon,北村8景
북촌동양문화박물관,Bukchon Oriental Culture Museum,北村東洋文化博物館
삼일공원,Samil Park,サミル公園
삼청공원,Samcheong Park,サムチョン公園
서울 고려대학교 본관,Seoul Korea University Main Building,ソウル高麗大学 本館
서울무형문화재 돈화문교육전시장,Seoul Intangible Cultural Heritage Donhwamun Gate Education Exhibition Hall,ソウル無形文化財 敦化門教育展示場
서울어린이대공원놀이동산,Seoul Children's Grand Park Amusement Park,ソウル子供大公園 ノリドンサン
서울어린이대공원,Seoul Children's Grand Park,ソウル子供大公園
서울어린이대공원환경공원,Seoul Children's Grand Environmental Park,ソウル子供大公園 環境公園
우정총국,General Post Office,郵政総局
풍납토성,Pungnaptoseong Fortress,風納土城
석정온천,Seokjeong Hot Spring,ソクチョン温泉
석촌호수(서호),Seokchon Lake (West Lake),石村湖(ソホ)
선유도공원,Seonyudo Park,仙遊島公園
창경궁선인문,Changgyeonggung Seoninmun Gate,昌慶宮 宣仁門
성주암,Sungjuam,ソンジュアム
성지골,Seongjigol,ソンジゴル
성촌공원,Seongchon Park,ソンチョン公園
세빛섬,Sebit Island,セビッソム
세종대왕동상,Statue of King Sejong,世宗大王銅像
세종힐링센터,Sejong Healing Center,世宗ヒーリングセンター
논현소나무공원,Nonhyeon Pine Tree Park,ノンヒョンソナム公園
소림사,Shaolin Temple,ソリム寺
서대문독립공원서재필동상,Seodaemun Independence Park Seo Jae-pil Statue,西大門独立公園ソ・ジェピル銅像
수국사,Suguksa Temple,アジサイ社
가르멜수녀원,Carmel Convent,ガルメル修道女園
수암사,Suamsa Temple,水岩寺
숫내공원,Sutnae Park,スッネ公園
숭인근린공원,Sungin Neighborhood Park,崇仁近隣公園
신계역사공원,Singye History Park,新契歴史公園
신사까치공원,Sinsa Kkachi Park,新沙カチ公園
신사동은행나무공원,Sinsadong Ginko Tree Park,新沙洞ウネンナム公園
신사목련공원,Sinsa Mongnyeon Park,新沙木蓮公園
신사무궁화공원,Sinsa Mugunghwa Park,新沙宮花公園
낙산공원,Naksan Park,駱山公園
신성서림,Sinseongseorim,神聖書林
신우기획,Sinwu Planning,シンウ企画
신촌관광안내센터,Sinchon Tourist Information Center,新村観光案内センター
난지도,Nanjido,蘭芝島
난지연못,Nanji Pond,蘭芝池
아시아공원,Asia Park,アジア公園
난지캠핑장관리사무소,Nanji Camping Site Management Office,蘭芝キャンプ場管理事務所
아프리카미술관,Africa Museum of Art,アフリカ美術館
아현공원,Ahyeon Park,阿峴公園
안산도시자연공원,Ansan Urban Forest Park,安山都市自然公園
안중근의사동상,Statue of Ahn Jung Geun,安重根義士銅像
양지근린공원,Yangji Neighborhood Park,陽地近隣公園
양화교인공폭포,Yanghwagyo Bridge Artificial Falls,楊花橋人工滝
양화진역사공원,Yanghwajin Historical Park,楊花津歴史公園
서울어린이대공원동물원,Seoul Children's Grand Park Zoo,ソウル子供大公園動物園
여의도공원문화의마당,Yeouido Park Cultural Plaza,汝矣島公園文化の広場
여호와의증인보도봉사팀,Jehovah's Witnesses Reporting Volunteers Team,エホバの証人報道奉仕チーム
역삼공원,Yeoksam Park,駅三公園
경고재,Gyeonggojae,キョンゴジェ
연화사,Yeonwhasa Temple,蓮華寺
열린교육,Yeollingyoyuk,ヨリン教育
전진상영성사목센터,Jeonjinsang Spiritual Center,チョンジンサンヨンソンサモクセンター
영진미디어,Youngjin Media,ヨンジンメディア
영화사,Yeonghwasa,ヨンファ寺
녹림원,Nokrimwon,緑林園
옥천탕,Okcheontang,玉川湯
온수근린공원,Onsu Neighborhood Park,温水近隣公園
남산골공원서울천년타임캡슐광장,Namsangol Park Seoul Millennium Time Capsule Plaza,南山コル公園ソウル千年タイムカプセル広場
올림픽공원88호수수변무대,Olympic Park 88th Waterfront Stage,オリンピック公園88湖水水辺ステージ
평화의광장,Pyeonghwagwangjang Plaza,平和の広場
용양봉저정,Yongyangbongjeojeong,龍驤鳳翥亭
용왕산근린공원용왕정,Yongwangsan Neighborhood Park Yongwangjeong,竜王山近隣公園竜王亭
용인농촌테마파크,Yongin Rural Theme Park,龍仁農村テーマパーク
우리참숯하빈숯굴,Urichamsuthabinsutgul,ウリ堅炭ハビン炭窟
우리빛깔천연염색공방,Wooribitkkal Natural Dyeing Workshop,ウリピカル天然染色工房
우장산공원,Ujangsan Park,雨装山公園
현대원서공원,Hyundae Wonseo Park,現代ウォンソ公園
남산야외식물원,Namsan Outdoor Botanical Garden,南山野外植物園
잠두봉 포토아일랜드,Jamdubong Photo Island,蚕頭峰フォトアイランド
남산팔각정,Namsan Octagonal Pavilion,南山八角亭
남산한옥마을,Namsan Hanok Village,南山韓屋マウル
장수공원,Jangsu Park,チャンス公園
장지공원,Jangji Park,チャンジ公園
재대한구세군유지재단법인,Korea Salvation Army Maintenance Foundation,在大韓救世軍維持財団法人
성운대학교,Sung Woon University,ソンウン大学校
전쟁기념관,War Memorial of Korea,戦争記念館
절골,Jeolgol,チルコル
북한산국립공원탐방안내소,Bukhansan National Park Hiking Information Center,北漢山国立公園探訪案内所
정몽주동상,Statue of Jeong Mong-ju,チョン・モンジュ銅像
정법사,Jeongbeopsa Temple,正法寺
제일서림,Jaeil Seorim Forest,第一書林
남태령고개,Namtaeryeong Pass,南泰嶺峠
조계사,Jogyesa Temple,曹渓寺
조계사진신사리탑,Jogyesa Temple Shinsari Pagoda,曹溪真身舎利塔
종묘공민왕신당,Jongmyo King Gongmin Shrine,宗廟恭愍王神堂
종묘매표소,Jongmyo Shrine Ticket Office,宗廟券売所
종묘영녕전악공청,Jongmyo Yeongnyeong Jeonak Public Hall,宗廟永寧殿楽工庁
종묘재궁,Jongmyo Shrine Crown Hall,宗廟斎宮
종묘칠사당,Jongmyo Chilsadang Shrine,宗廟七祀堂
종묘향대청,Jongmyohyangdaecheong Hall,宗廟郷大庁
내원사,Naewonsa Temple,内院寺
덕수궁중명전,Deoksugung Palace Jungmyeongjeon Hall,徳寿宮重明殿
중앙공예관,Insadong Traditional Crafts Gift Shop,中央工芸館
지장사,Jijangsa,地蔵寺
지혜원,Jihyewon,智慧院
창경궁,Changgyeonggung Palace,昌慶宮
창경궁경춘전,Changgyeonggung Palace Gyeongchunjeon Pavillion,昌慶宮景春殿
창경궁관덕정,Changgyeonggung Palace Gwangdeokjeong Pavillion,昌慶宮観徳亭
창경궁명정전,Changgyeonggung Palace Myeongjeongjeon Hall,昌慶宮明政殿
창경궁문정전,Changgyeonggung Palace Munjeongjeon Hall,昌慶宮文政殿
창경궁집복헌,Changgyeonggung Palace Jip Bokheon,昌慶宮集福軒
창경궁통명전,Changgyeonggung Palace Tongmyeongjeon Hall,昌慶宮通明殿
창경궁팔각칠층석탑,Changgyeonggung Palace Palgak Seven-Story Stone Pagoda,昌慶宮八角七層石塔
창경궁홍화문,Changgyeonggung Palace Honghwamun Gate,昌慶宮弘化門
창덕궁,Changdeokgung Palace,昌徳宮
창덕궁규장각,Changdeokgung Gyujanggak,昌徳宮閨章閣
창덕궁 낙선재,Nakseonjae Hall of Changdeokgung Palace,昌徳宮楽善斎
창덕궁단봉문,Changdeokgung Danbongmun,昌徳宮丹鳳門
창덕궁대조전,Daejojeon Hall of Changdeokgung Palace,昌徳宮大造殿
창덕궁 부용정,Buyongjeong Pavilion of Changdeokgung Palace,昌徳宮芙蓉亭
창덕궁사정기비각,Changdeokgung Sajeonggibigak Monument,昌徳宮四井記碑閣
창덕궁삼삼와,Changdeokgung Samsamwa,昌徳宮三三窩
창덕궁상량정,Changdeokgung Sangnyangjeong,昌徳宮上涼亭
창덕궁서향각,Changdeokgung Seohyanggak,昌徳宮書香閣
창덕궁석복헌,Changdeokgung Seokbokheon,昌徳宮錫福軒
창덕궁선정전,Seonjeongjeon Hall of Changdeokgung Palace,昌徳宮宣政殿
창덕궁선향재,Changdeokgung Seonhyangjae,昌徳宮善香斎
창덕궁성정각,Changdeokgung Seongjeonggak,昌徳宮誠正閣
창덕궁소요정,Changdeokgung Soyojeong,昌徳宮逍遥亭
창덕궁수강재,Changdeokgung Sugangjae,昌徳宮寿康斎
창덕궁숙장문,Changdeokgung Sukjangmun Gate,昌徳宮粛章門
창덕궁승재정,Changdeokgung Seungjaejeong,昌徳宮勝在亭
창덕궁신선원전,Seonwonjeon Hall of Changdeokgung Palace,昌徳宮新璿源殿
창덕궁애련정,Changdeokgung Aeryeonjeong,昌徳宮愛蓮亭
창덕궁양지당,Changdeokgung Yangjidang,昌徳宮養志堂
창덕궁연경당,Yeongyeongdang Hall of Changdeokgung Palace,昌徳宮演慶堂
창덕궁의두합,Changdeokgung Uiduhap,昌徳宮のトゥハプ
창덕궁인정문,Changdeokgung Injeongmun Gate,昌徳宮仁政門
창덕궁주합루,Juhamnu Pavilion of Changdeokgung Palace,昌徳宮宙合楼
창덕궁진선문,Changdeokgung Jinseonmun Gate,昌徳宮進善門
창덕궁진설청,Changdeokgung Jinseolcheong,昌徳宮陳設庁
창덕궁천석정,Changdeokgung Cheonseokjeong,昌徳宮千石亭
창덕궁청심정,Changdeokgung Cheongsimjeong,昌徳宮清心亭
창덕궁청의정,Changdeokgung Changuijeong,昌徳宮清漪亭
창덕궁취규정,Changdeokgung Chwigyujeong,昌徳宮聚奎亭
창덕궁취한정,Changdeokgung Chwihanjeong,昌徳宮翠寒亭
창덕궁태극정,Changdeokgung Taegeukjeong,昌徳宮太極亭
창덕궁함원전,Changdeokgung Hamwonjeon,昌徳宮含元殿
창덕궁홍문관,Changdeokgung Hongmungwan,昌徳宮弘門館
창덕궁홍복헌,Changdeokgung Heungbokheon,昌徳宮ホンボクホン
창천문화공원,Changcheon Culture Park,滄川文化公園
청수근린공원,Cheongsu Geunlin Park,清水近隣公園
청원산방,Cheongwon Sanbang,チョンウォン山房
논현목련공원,Nonhyeon Mongnyeon Park,論峴木蓮公園
총회연금재단,PCK Pension,総会年金財団
논현무궁화공원,Nonhyeon Mugunghwa Park,論峴ムグンファ公園
통일공원육탄십용사충용탑,Unification Park Yooktan 10 Yongsa Memorial Pagoda,統一公園六弾十勇士忠勇塔
충익공 신경진묘역,Chungikgong Shingyeongjin Cemetery,忠翼公申景禛墓域
충현2공원,Chunghyeon 2nd Park,忠賢2公園
탄천어울림공원,Tancheon Eoulim Park,炭川オウリム公園
탑골,Tapgol,タプコル
탑골공원,Tapgol Park,タプコル公園
탑골공원팔각정,Tapgol Park Pavillion,タプコル公園八角亭
태양어린이공원,Taeyang Children Park,太陽子供公園
하늘공원메타세콰이어길,Haneul Park Metasequoire Road,ハヌル公園メタセコイア道
학가산자연휴양림,Hakasan Recreation Forest,鶴駕山自然休養林
대한불교조계종 학도암,Jogye Order of Korean Buddhism Hakdoam,大韓仏教曹渓宗学徒庵
용기공원,Yonggi Park,ヨンギ公園
고덕수변생태공원,Godeok Waterfront Ecological Park,高徳水辺生態公園
이촌 한강공원,Ichon Hangang River Park,二村漢江公園
잠실 한강공원,Jamsil Hangang River Park,蚕室漢江公園
한남스파,Hannam Spa,漢南スパ
대한불교진각종혜원심인당,Jin-gak Buddhist Order Hyewon Sinimdang,大韓仏教真覚宗ヘウォンシムインダン
대한불교 조계종 혜은정사,Jogye Order of Korena Buddhism Hyeeunjeongsa Temple,大韓仏教曹渓宗恵恩精寺
보경암,Bogyeongam Temple,宝鏡岩
홍릉시험림(홍릉숲),Hongneungsiheomlim (Hongneung Forest),ホンルン試験林(ホンルンの森)
화계사,Hwagyesa Temple,華渓寺
창덕궁희정당,Huijeongdang of Changdeokgung Palace,昌徳宮熙正堂
힐링스포스파,Healing Spo&Spa,ヒーリングスポスパ
능인선원,Neungin Temple,ヌンイン禅院
다보사,Dabosa Temple,タボ寺
당고개순교성지,Danggogae Martyrs' Shrine,タンゴゲ殉教聖地
대전아쿠아리움,Daejeon Aquarium,大田アクアリウム
덕수궁중화전,Junghwajeon Hall in Deoksugung Palace,徳寿宮中和殿
덕수궁즉조당,Jeukjodang Hall in Deoksugung Palace,徳寿宮即祖堂
돌마리어린이공원,Dolmari Children Park,トルマリ子供公園
동대문관광안내소,Dongdaemun Tourist Information Center,東大門観光案内所
동자공원,Dongja Park,トンジャ公園
동촌근린공원,Dongchon Neighborhood Park,東村近隣公園
뒷개울골,Duitgawoolgol,ティッケウルコル
마로니에공원,Marronier Park,マロニエ公園
만남공원,Mannam Park,マンナム公園
만우소공원,Manwuso Park,マヌソ公園
망우리고개,Manguri Moutain Pass,忘憂里峠
망원정터,Mangwonjeongteo Site,望遠亭址
매일온천,Maeil Hot Spring,毎日温泉
명동성당,Myeongdong Cathedral,明洞聖堂
명동성당가톨릭회관,Myeongdong Cathedral Catholic Center,明洞聖堂カトリック会館
명성황후조난지,Empress Myeongseong Assasination Place,明成皇后遭難地
목련공원,Mokryun Park,木蓮公園
목장골,Mokjanggol,牧場谷
몽마르뜨공원,Montmartre Park,モンマルトル公園
몽촌공원,Mongchon Park,夢村公園
무궁화동산,Mugunghwa Garden,ムクゲの園
무너미고개,Mooneomi Mountain Pass,ムノミ峠
무수골,Moosoogol Valley,ムスゴル
무악산 봉수대,Mount Muaksan Beacon Fire Station,舞岳山烽燧台
문관앞골,Mungwanapgol Valley,ムングァンアプ谷
문정근린공원,Munjeong Neighborhood Park,文井近隣公園
박석고개,Park Seok Mountain Pass,礡石峠
반포대교달빛무지개분수,Banpo Bridge Moonlight Rainbow Fountain,盤浦大橋タルビッムジゲ噴水
밤섬공원,Bamsum Park,栗島公園
방학동은행나무,Banghak-dong Ginkgo Tree,放鶴洞ウネンナム
백련공원,Baengnyeon Park,白蓮公園
백련사,Baekryunsa Temple,白蓮寺
백련산,Baekryeon Mountain,白蓮山
백현근린공원,Baekhyun Neighborhood Park,柏峴近隣公園
법성사,Beopseongsa Temple,法性寺
신검사,Singumsa Temple,神剣寺
보라매공원,Boramae Park,ポラメ公園
보성사터,Boseongsa Temple Site,普成社跡
보신각터,Bosingak Bell Tower Site,普信閣跡
봉원사,Bongwonsa Temple,奉元寺
봉은사,Bongeunsa Temple,奉恩寺
봉은사다래헌,Bongeunsa Temple Daraeheon,奉恩寺タレホン
봉은사미륵대불,Bongeunsa Temple Mireukdaebul (Buddha Statue),奉恩寺弥勒大仏
봉은사범종각,Bongeunsa Temple Beomjonggak Bell,奉恩師梵鐘閣
봉은사법왕루,Bongeunsa Temple Bubwangru Hall,奉恩寺法王楼
봉은사영각,Bongeunsa Temple Yeonggak Hall,奉恩寺影閣
봉은사영산전,Bongeunsa Temple Yeongsanjeon Hall,奉恩寺霊山殿
봉은사종루,Bongeunsa Temple Jongru Belltower,奉恩寺鐘樓
봉화산근린공원,Bonghwasan Neighborhood Park,烽火山クンリン公園
북촌2경,Bukchon 2nd Sight,北村二景
북촌6경,Bukchon Sixth Scenic View,北村六景
북촌8경포토존,Bukchon Eighth Scenic View Photo Zone,北村8景フォトゾーン
북촌민예관,Bukchon Folklore Center,北村民芸館
북한산구름전망대포토존,Bukhan Mountain Cloud Observatory Photo Zone,北漢山雲展望台フォトゾーン
불국사,Bulguksa Temple,仏国寺
비석거리공원,Biseok Street Park,碑石通り公園
뽕나무근린공원,Bbongnamu Neighborhood Park,ポンナム近隣公園
사비나미술관,SAVINA Museum of Contemporary Art,サビナ美術館
사자암,Sajaam,獅子庵
산막골,Sanmakgol,サンマッコル
삼선공원,Samseon Park,三仙公園
삼우문화사,Samwoo Munhwasa,サムムンファサ
삼일독립선언유적지,Samil Declaration of Independence Historic Site,三一独立宣言遺跡地
새싹어린이교통공원,Saessak Children's Transportation Park,セサク子供交通公園
새우개고개,Saeugae Pass,セウゲコゲ
새우고개,Saeu Pass,セウコゲ
새쟁이골,Saejaengigol Valley,セゼンイゴル
샘터공원,Saemteo Park,セムト公園
샛강생태공원,Saetgang Ecological Park,セッカン生態公園
샛골,Saetgol Valley,セッコル
서빙고동부군당,Bugundang Shrine in Seobinggo-dong,西氷庫洞 府君堂
서울경모궁지(함춘원지),Seoul Gyeongmo Palace Site,ソウル景慕宮址(含春苑址)
서울구러시아공사관,Seoul Former Russian Legation,ソウル舊ロシア公使館
청담동성당,Cheongdam-dong Cathedral,チョンダムドン聖堂
서울몽촌토성,Seoul Mongchontoseong Fortress,ソウル夢村土城
서울선농단향나무,Seoul Seonnong Danhyang Tree,ソウル先農壇香木
서울성곽,Seoul Fortress,ソウル城郭
서울어린이대공원식물원,Seoul Children's Grand Park Botanical Garden,ソウル子供大公園植物園
고려해수탕,Goryeo Haesutang,高麗海水湯
낭하리해변,Nanghari Beach,ナンハリ海辺
능허대터,Neungheodaeteo Site,凌虛大跡
동막해변,Dongmak Beach,東幕海岸
동산공원,Dongsan Park,トンサン公園
문학산,Munhaksan,文鶴山
밧지름해변,Batjireum Beach,バジルム海岸
황령산봉수대,Hwangnyeongsan Beacon Fire Station,荒嶺山烽燧台
북망산,Bungmangsan,北望山
강릉3.1독립만세운동기념탑,Monument for March 1st Movement in Gangneung,江陵3.1独立万歳運動記念塔
서포리해변,Seopori Beach,西浦里海辺
솔찬공원,Solchan Park,ソルチャン公園
송도 센트럴파크,Songdo Central Park,松島セントラルパーク
송도유원지,Songdo Yuwon Park,松島遊園地
새재벌,Saejaebeol,新財閥
승봉도,Seungbongdo,昇鳳島
용궁사,Yonggungsa Temple,竜宮寺
정수사,Jungsusa,浄水師
종해루,Jonghaeru,宗海楼
남양주청학근린공원,Namyang-ju Cheonghak Geunlin Park,南楊州青鶴近隣公園
영양칠보석건강센타,Nutrition Chiljewel Health Center,栄養七宝石健康センター
평리들,Pyeongrideul,平利たち
한들해수욕장,Handeul Beach,ハンドゥル海水浴場
해돋이공원,Sunrise (Haedoji) Park Incheon,日の出公園
해머리장죽들,Haemeorijangjukdeul,ヘモリの腸詰め
승가사석조승가대사상,Seunggasa Temple Monk Seungga Stone Statue,僧伽寺 石造僧伽大師坐像
연의공원,Yeonui Park,ヨンウィ公園
염통골,Yeomtonggol Valley,廉通コル
영등포공원,Yeongdeungpo Park,永登浦公園
영등포역종합안내소,Yeongdeungpo Station General Information Center,永登浦駅総合案内所
영산법화사,Yeongsan Beophwasa Temple,霊山法華寺
반디교육농장,Bandi Education Farm,バンディ教育農場
밤나무골,a chestnut tree valley,栗の木の谷
백령도,Baengnyeongdo Island,白&#32718
옛신촌역사,Former Sinchon Station Historical Site,イェッ新村駅舎
오금공원,Ogeum Park,梧琴公園
오동근린공원,Odong Neighborhood Park,オドン近隣公園
오목공원,Omok Park,梧木公園
옥천암,Okcheonam Hermitage,玉泉庵
온정탕,Onjeong Baths,オンチョン湯
옹기골근린공원,Onggigol Neighborhood Park,オンギコル近隣公園
와룡공원,Waryong Park,臥龍公園
용굴암골,Yonggulam Valley,ヨングラム谷
용마스파랜드,Yongma Spa Land,龍馬スパーランド
용명탕,Youngmyeong Bathhouse,ヨンミョン湯
용산가족공원,Yongsan Family Park,龍山家族公園
용산서림,Yongsan Seorim,龍山書店
산장농원,Sanjang Farm,山荘農園
삼막골,Sammakgol Valley,三幕骨
우리유황온천,Woori Sulfur Hot Springs,ウリ硫黄温泉
우이동계곡,Uidong Valley,牛耳洞渓谷
서촌마을,Seochon Village,西村村
석모도,a lithographic map,石毛島
선학골,Seonhakgol Valley,仙鶴谷
웃골,Utgol Valley,ウッ谷
웃말공원,Utmal Park,ウッマル公園
워터피아,Waterpia,ウォーターピア
원당공원,Wondang Park,ウォンダン公園
원당근린공원,Wondang Neighborhood Park,ウォンダン近隣公園
소이작도여행자센터,Soijakdo Travelers Center,ソイジャク島旅行者センター
소청도,Socheongdo Island,小青島
월드컵공원,World Cup Park,ワールドカップ公園
송백,white pine,ソンベク
월암근린공원,Wolam Neighborhood Park,ウォルラム近隣公園
중랑장미공원,Jungnang Rose Park,中浪バラ公園
유관순동상,Yu Gwansun Memorial Statue,柳寛順像
쉼터농원,a shelter farm,憩いの場農園
육모정고개,Yukmojeong Pass,ユクモジョン峠
은덕문화원,Eundeok Cultural Center,ウントク文化院
안면도,Anmyeondo Island,顔面図
의열사,Uiyeol Temple,義烈祠
이순신장군상,Admiral Yi Sun-shin Statue,李舜臣将軍像
인릉산,Inneung Mountain,仁陵山
인왕산국사당,Inwangsan Guksadang Shrine,仁王山国師堂
창덕궁 인정전,Injeongjeon Hall of Changdeokgung Palace,昌徳宮仁政殿
남인사관광안내소,Naminsa Tourist Information Center,南仁寺観光案内所
일자산자연공원,Iljasan Natural Park,一字山自然公園
옥천골,Okcheongol Valley,玉川谷
옹기골,Onggi-gol,オンギゴル
용주골,Yongjugol Valley,ヨンジュゴル
장충단공원,Jangchungdan Park,奨忠壇公園
정암사,Jeongamsa Temple,浄岩寺
진관사,Jingwansa Temple,チンクァンサ
토촌,a local village,土村
팔미도,Palmido Island,八尾島
천호공원,Cheonho Park,千戸公園
청담그린공원,Cheongdam Green Park,清潭グリーン公園
필운대,Pirundae,弼雲台
볏골어린이공원,Byeotgol children's park,ピョッコル子供公園
학림사,Hangnimsa Temple,鶴林寺
학봉공원,Hakbong Park,ハクポン公園
옥연지 송해공원,Ogyeonji Songhae Park,玉淵池宋海公園
성정하상성당,Seongjeonghasang Cathedral,聖殿下上聖堂
여의도 한강공원,Yeouido Hangang Park,汝矣島漢江公園
난지한강공원,Nanji Hangang Park,蘭芝漢江公園
망원한강공원,Mangwon Hangang Park,望遠漢江公園
한강사업본부 반포안내센터,Han River Banpo Information Center,漢江事業本部盤浦案内センター
세신샵 스파 보들,Seshin Shop Spa Bodeul,セシンショップスパボードル
앙코르 라구나,Encore Laguna,ENCORE LAGUNA
삼정오아시스,Samjung Oasis,サムジョンオアシス
도토리숲 용산 아이파크몰점,Acorn Forest Yongsan I-Park Mall,どんぐり森龍山アイパークモール店
청신사,Cheongsinsa,青神社
한국도서,Korean books,韓国図書
한국유림독립운동파리장서비,Korean Yurim Independence Movement Paris Service,韓国儒林独立運動巴里長書碑
한남,Hannam,ハンナム
한샘서림,Hanssem Forest,ハンセム書林
한양공원,Hanyang Park,漢陽公園
한옥문화원,Hanok Cultural Center,韓屋文化院
한울근린공원,Hanul Neighborhood Park,ハヌル近隣公園
해태공원,Haetae Park,ヘテ公園
안산호수공원,Ansan Lake Park,安山湖水公園
프리마스파,Prima Spa,プリマスパ
홍릉그린공원,Hongneung Green Park,洪陵グリーン公園
화양근린공원,Hwayang Neighborhood Park,花陽近隣公園
황학정,Hwanghakjeong,黄鶴亭
훈묵골,Hunmukgol Valley,フンムク谷
휘슬러휘트니스,Whistler Fitness,ウィスラーフィットネス
휴암문화공원,Hyuam Cultural Park,ヒュアム文化公園
호수농원,a lake farm,湖沼農園
연인산마을,Yeoninsan Village,ヨニンサンマウル
가평의병 삼일항일운동기념비,Gapyeong Loyal Army 3.1 Resistance to Japan Movement Monument,加平義兵三一抗日運動記念碑
갈산공원,Galsan Park,葛山公園
감악산,Mt. Gamak,紺岳山
강씨봉자연휴양림,Gangssibong Natural Recreation Forest,カンシ峰自然休養林
강한사,Ganghansa Shrine,江漢祠
경기광주한옥마을,"Hanok Village in Gwangju, Gyeonggi Province",京畿道広州韓屋村
경기도잣향기푸른숲,Green Forest with Pine Scent of Gyeonggi Province,京畿道チャッヒャンギプルン森
습지생태공원,Wetland Ecological Park,湿地生態公園
경희천문대,Kyunghee Astronomical Observatory,慶熙天文台
고기리계곡,Gogiri Valley,古基里渓谷
고래뿌리선착장,Goraeppuri Quay,コレプリ船着場
고양대덕생태공원,Goyang Daedeok Ecological Park,高陽大徳生態公園
고양생태공원,Goyang Ecological Park,高陽生態公園
곡반정고렴근린공원,Gokbanjeong Gorgyeom Neighborhood Park,谷伴亭コリョム近隣公園
골안사,Golansa Temple,コラン寺
광개토태왕비 동상,Memorial Stone of King Gwanggaeto,広開土太王碑銅像
광교호수공원프라이부르크전망대,Gwanggyo Lake Park Freiburg Observatory,光教湖公園 フライブルク展望台
광릉숲길 어린이정원,Gwangneung Forest Road Children's Garden,光陵スプギル子供庭園
교동장독대마을주말농장,Gyodong Jangdokdae Village Weekend Farm,蛟洞チャンドクテマウル週末農場
고인돌산림욕장,Dolmen Forest Park,コインドル山林浴場
구봉솔숲해수욕장,Gubong Sol Forest Beach,クボンソルスプ海水浴場
국녕사,Guknyeongsa Temple,国寧寺
국립수목원,Korea National Arboretum,国立樹木園
국립아세안자연휴양림,National ASEAN Recreation Forest,国立アセアン自然休養林
궁평해송군락지,Gungpyeong Haesong colony,宮坪海松群落地
귀목봉,Gwimokbong,鬼木峰
그랜드유원지,Grand Recreation Area,グランド遊園地
금강자연휴양림,Geumgang Natural Recreation Forest,錦江自然休養林
금강정사,Geumgangjeongsa Temple,金剛精舎
기흥호수공원반려견놀이터,Giheung Lake Park Pet Playground,器興湖公園 伴侶犬遊び場
김포국제조각공원,Gimpo International Sculpture Park,金浦国際彫刻公園
대명항 어판장,Daemyung Port Fish Market,大明港魚販場
김포 사색의 길,Thinking Path of Thought in Gimpo,金浦思索ギル
김포한강야생조류생태공원,Gimpo Han River Wild Bird Ecological Park,金浦漢江野生鳥類生態公園
김포함상공원,Gimpo Hamsang Park,金浦艦上公園
까치울음식테마마을,Kkachiul Food Theme Village,カチウル フードテーママウル
꾸메숲 버섯나라,Kkume Forest Mushroom Land,クメスプ きのこナラ
나남수목원,Nanam Arboretum,ナナム樹木園
나리농원,Nari Farm,ナリ農園
낙생대공원,Naksaeng Grand Park,ナクセンデ公園
낙조전망대,Nakjo Observatory,落照展望台
남양주 구 팔당역,Old Paldang Station in Namyangju,南楊州旧八堂駅
누리천문대,Nuri Astronomical Observatory,ヌリ天文台
능내역 폐역,Neungnae Abandoned Railway Station,陵内駅 廃駅
다산생태공원,Dasan Ecological Park,茶山生態公園
다산중앙공원,Dasan Central Park,茶山中央公園
담다헌,Dam Daheon,タムダホン
당정뜰,Dangjeong Garden,タンジョンドゥル
당포성,Dangposeong,堂浦城
대광사,Daegwangsa(Temple),大光寺
대부둑공원,Daebuduk Park,テブドゥク公園
대부바다향기테마파크,Daebu Sea Fragrance Theme Park,大阜パダヒャンギ テーマパーク
덕평공룡수목원,Deokpyeong Dinosaur Arboretum,徳坪恐竜樹木園
도덕산공원,Dodeoksan Park,道徳山公園
도드람산,Dodram Mountain,トドゥラム山
도예촌쌀밥거리,Pottery Village Rice Street,陶芸村サルバプゴリ
도척그린공원,Docheok Green Park,都尺グリーン公園
동주염전,Dongju Salt Farm,トンジュ塩田
동천자연식물원,Dongcheon Natural Botanical Garden,東川自然植物園
두물머리,Dumulmeori,トゥムルモリ
둘리광장,Dooly Square,ドゥルリ広場
마안산,Mount Maan,馬鞍山
마중공원,Majung Park,出迎え公園
만골근린공원,Mangol Neighborhood Park,マンゴル近隣公園
만기사,Manki Temple,万奇寺
망경암,Mangyeongam,望京庵
망해암,Manghaeam,望海庵
매산리석불입상,Maesan-ri Standing Stone Buddha,梅山里石仏立像
매탄공원,Maetan Park,梅灘公園
매향리선착장,Maehyang-ri Dockyard,梅香里船着場
맹산환경생태학습원,Maengsan Environmental and Ecological Learning Center,孟山環境生態学習園
명달계곡,Myeongdal Valley,明達渓谷
명달리산촌생태마을,Myeongdal-ri Mountain Village Ecological Village,明達里山村生態マウル
모산목장,Mosan Farm,モサン牧場
묘적사,Myojeoksa Temple,妙積寺
무갑리계곡,Mugap-ri Valley,武甲里渓谷
무한성,Muhanseong Castle,無限性
소요 별앤숲 테마파크,Soyo Star & Forest Theme Park,逍遥 星&森テーマパーク
수리산숲속놀이터,Surisan Forest Playground,修理山の森の遊び場
안성내츄럴리조트 원더풀,Anseong Natural Resort Wonderful,安城ナチュラルリゾートワンダフル
안성시사계절썰매장,Anseong All Seasons Sledding Site,安城市の四季ソリ場
농협안성팜랜드승마센터,Nonghyeop Anseong Farm Land Equestrian Center,農協安城ファームランド乗馬センター
양평나루께축제공원,Yangpyeong Naruke Festival Park,楊平ナルケ祭り公園
오산 맑음터공원,Osan Clear Site Park,烏山マルグムトk公園
은아목장,Eunah Ranch,ウナ牧場
의왕바라산자연휴양림,Uiwang Barasan Natural Recreation Forest,義王バラ山自然休養林
조현리 모꼬지 체험마을,Cho Hyun-ri Mokkoji Experience Village,曺峴里モコジ体験マウル
해바라기마을,Sunflower Village,ひまわりマウル
흘곶어촌계,Heulgot Fishing Village,フルゴッ漁村係
관덕정,Gwandeokjeong Pavilion,観徳亭
두암제1근린공원,Duam First Neighborhood Park,斗岩第一近隣公園
광주 평촌마을,Pyeongchon Village in Gwangju,光州坪村
장흥자연휴양림,Jangheung Recreational Forest,長興自然休養林
도원힐링스파,Dowon Healing Spa,桃源ヒーリングスパ
수완호수공원,Suwan Lake Park,水莞湖水公園
갑곶순교성지,Gapgot Martyrs Shrine,甲串殉敎聖地
강화갑곶리의탱자나무,Trifoliate Orange Tree of Ganghwa Gapgotri,江華甲串里エカラタチ
강화고려궁지,"Goryeo Palace Site, Ganghwa",江華高麗宮址
강화고인돌유적,Ganghwa Dolmen Sites,江華支石墓遺跡
강화 교동망향대,Ganghwa Gyodong Manghyangdae,江華喬棟マンヒャンデ
강화도령화문석 체험장,Ganghwadoryeong Hwamunseok Experience Site,江華ドリョン花紋席体験場
인산낚시터,Insan Fishing Area,インサン釣り堀
사기리탱자나무,Trifoliate Orange Tree of Sagiri,砂器里カラタチ
강화산성서문,Ganghwa Sanseong West Gate,江華山城西門
강화씨사이드리조트 루지,Ganghwa Seaside Resort Luge,江華シーサイドリゾートリュージュ
용두레마을,Yongdure Village,ヨンドゥレマウル
강화하점면오층석탑,"Five-story Stone Pagoda of Jangjeong-ri, Ganghwa",江華長井里五層石塔
참성단중수비,Chamseongdan Jungsubi,塹城壇重修碑
강화평화전망대,Ganghwa Peace Observatory,江華平和展望台
강화해수랜드,Ganghwa Haesu Land,江華海水ランド
거잠포선착장,Geojampo Quay,巨蚕浦船着場
계룡돈대,Gyeryong Dondae Fort,鷄竜墩臺
계양꽃마루,Gyeyang Kkotmaru,桂陽コッマル
광명항,Gwangmyeonghang Port,光明港
광성보,Gwangseongbo Fortress,広城堡
교동도선착장대합실,Gyodongdo Quay Lounge,喬棟島船着き場待合室
남산포선착장,Namsanpo Quay,南山浦船着場
넛출선착장,Neotchul Quay,ノッチュル船着場
노을공원,Noeul Park,ノウル公園
능내근린공원,Neungnae Neighborhood Park,ヌンネ近隣公園
능허대지,Neungheodaeji,凌虚臺址
대이작도,Daeijak Island,大伊作島
대이작도선착장,Daeijak Island Quay,大伊作島船着場
두밀촌낚시터,Dumilchon Fishing Area,トゥミルチョン釣り堀
망월돈대,Mangwol Dondae Fort,望月墩臺
무덕정,Mudeokjeong,武徳亭
서포리웰빙삼림욕산책로,Seopori Wellbeing Forest Bathing Trail,西浦里ウェルビン森林浴散策路
송도달빛축제공원,Songdo Moonlight Festival Park,松島月光祭り公園
영종씨사이드 레일바이크,Yeongjong Sea Side Rail Bike,永宗シサイドゥレールバイク
간데메공원,Gandeme Park,カンデメ公園
강변스파랜드,Gangbyeon Spa Land,川辺スパランド
강서한강공원,Gangseo Han River Park,江西漢江公園
겸재문화예술제,Gyeomjae Culture and Arts Festival,謙斎文化芸術祭
경복궁,Gyeongbok Palace,景福宮
경운동민병옥가옥,Gyeongundong Minbyeongok Gaok,慶雲洞閔民丙玉家屋
고덕동 보전지역,Godeokdong Conservation Area,高徳洞保全地域
관악별빛조명축제,Gwanak Starlight Festival,冠岳星光照明祭り
관악산생태공원,Gwanak Mountain Ecological Park,冠岳山生態公園
관악산야외식물원,Gwanak Mountain Outdoor Botanical Garden,冠岳山屋外植物園
관악산호수공원,Gwanaksan Lake Park,冠岳山湖水公園
광화문광장,Gwanghwamun Square,光化門広場
구로기계공구상가,Guro Machine Tool Shopping Center,九老機械工具商店街
구룡산,Guryong Mountain,九龍山
구암근린공원,Guamgeullin Park,亀岩近隣公園
구의아리수정수센터,Guui Arisujeongsu Center,九宜アリ水浄水センター
국립민속박물관,National Folk Museum,国立民俗博物館
국립민속박물관 정월대보름 한마당,National Folk Museum of Korea New Year's Eve Hanmadang,国立民俗博物館小正月ハンマダン
금빛공원,Geumbit Park,金色の公園
긴고랑공원,Gingorang Park,キンゴラン公園
난지천공원,Nanjicheon Park,蘭芝川公園
남산케이블카,Namsan Cable Car,南山ケーブルカー
남산 한국의 맛 축제,Namsan K-Food Festa,南山韓国の味祭り
달맞이봉공원,Dalmajibong Park,タルマジ峰公園
덕수궁,Deoksu Palace,徳寿宮
도산공원,Dosan Park,島山公園
도안사,Doan Temple,度岸寺
라이너노트,Liner Note,ライナーノート
마천공원,Macheon Park,馬川公園
마포대교,Mapo Bridge,麻浦大橋
망우산,Mangu Mountain,忘憂山
서울스카이,Seoul Sky,ソウルスカイ
양천도시농업공원,Yangcheon Urban Agricultural Park,陽川都市農業公園
대전 엑스포 아쿠아리움,Daejeon Expo Aquarium,大田エキスポアクアリウム
고내포구,Gonae Port,高内浦口
곽지해수욕장,Gwakji Beach,郭支海水浴場
광치기해변,Gwangchigi Beach,クァンチギ海岸
교래 삼다수마을,Gyorae Samdasu Village,橋来三多水マウル
교래생태체험장,Gyorae Eco Experience Center,橋来生態体験場
구두미포구,Gudumi Port,クドゥミ浦口
구엄 어촌체험마을,Gueom Fishing Village,旧厳漁村体験マウル
구엄포구,Gueom Port,旧厳浦
금능해수욕장,Geumneung Beach,金陵海水浴場
넥슨컴퓨터박물관,Nexon Computer Museum,ネクソンコンピュータ博物館
노을해안로,Noeul Coastal Road,ノウル海岸路
도두항,Dodu Port,道頭港
도치돌알파카목장,Dochidol Alpaca Farm,トチドールアルパカ牧場
마라도등대,Marado Island Lighthouse,馬羅島灯台
만장굴,Manjanggul Cave,万丈窟
메이즈랜드,Maze Land,メイズランド
명월성지,Myeongwol Sanctuary,明月城址
모충사,Mochung Shrine,慕忠寺
반짝반짝 지구상회,Banjjakbanjjak Jigu Workshop,きらきら地球商会
삼다수숲길,Samdasusup Forest Trail,三多水スッキル
제주김녕미로공원,Jeju Gimnyeong Maze Park,済州金寧迷路公園
제주환상자전거길,Jejuhwansang Bike Path,済州幻想自転車道
큰엉해안경승지,Keonung Coast Picturesque Place,クノン海岸景勝地
제주민속식품꿩엿공장,Jeju Folk Food Pheasant Yeot Factory,済州民俗食品クォンヨッ工場
머체왓숲길 머체왓카페 족욕체험장,Muschewat Forest Trail Muschewat Cafe Muschewat Foot Bath Experience Center,モチェワッスプギル　モチェワッカフェ　足湯体験場
감천사,Gamcheonsa,甘泉寺
감천항,Gamcheonhang,甘川港
공수 어촌체험마을,Gongsu Eochon (Fishing Village) Experience Village,公須漁村体験マウル
관수옥과 초량왜관 터,The Site of Gwansuok and Choryang Waegwan,館守屋と草梁倭館址
광복로패션거리,Gwangbok-ro Fashion Street,光復路ファッション通り
구상반려암,Gusang banryeoam (Gusang Gabbro),球状斑糲岩
구포만세거리,Gupo Manse Street,亀浦マンセコリ
구포무장애숲길(무장애탐방구간),Gupo Mujangaesup Forest Trail,亀浦無障害森の道(無障害探訪区間)
구포어린이교통공원,Gupo Children's Transportation Park,亀浦子供交通公園
국청사,Gukcheongsa Temple,国清寺
금강사,Geumgangsa Temple,金剛寺
금강식물원,Geumgang Botanical Garden,金剛植物園
금강암,Geumgangam Hermitage,金剛庵
금수사,Geumsusa Temple,金水寺
금용암,Geumyong Am (Geumyong Buddhist Temple),金湧庵
금정선원,Geumjeongseonwon Temple,金井禪院
깡깡이예술마을,Kkangkkangi Art Village,カンカンイ芸術マウル
낙동강생태탐방선 을숙도사무소,Nakdong River Eco Tour Cruise Eulsukdo Office,洛東江生態探訪船 乙淑島事務所
낙동강하구탐방체험장,Nakdonggang River Estuary Exploratory Experience Center,洛東江河口探訪体験場
남도해양관광열차 S-트레인(S-train),Namdo Marine Tourism Train S-train,南道海洋観光列車S-トレイン(S-train)
다대포 꿈의 낙조분수,Dadaepo Sunset Fountain of Dreams,多大浦 夢の落照噴水
다대포항,Dadaepo Port,多大浦港
다대포해수욕장,Dadaepo Beach,多大浦海水浴場
닥밭골벽화마을,Dakbatgol Mural Village,タッパッコル壁画マウル
당산,Dangsan,堂山
대저수문생태공원,Daejeo Hydrological Ecological Park,大渚水門 生態公園
대항 어촌체험마을,Daehang Fishing Village,大項漁村体験マウル
마린시티,Marine City,マリンシティ
만들숲,Mandeulsup,マンドゥル森
몰운대,Morundae Peninsula,没雲台
무민사,Muminsa Temple,武愍祠
송도해안볼레길,Songdo Coast Bolle Trail,松島海岸ボルレギル
에코델타시티 전망대,Eco Delta City Observatory,エコデルタシティ展望台
을숙도생태공원낙동강하구에코센터,Eulsukdo Ecological Park Nakdonggang Estuary Eco Center,乙淑島生態公園洛東江河口エコセンター
광안리 M(Marvelous) 드론 라이트쇼,Gwangalli M (Marvelous) Drone Light Show,広安里M(Marvelous)ドローン ライトショー
이터널 저니,Eternal Journey,エターナルジャーニー
광덕사,Gwangdeoksa Temple,クァンドク寺
감삼못공원,Gamsammot Park,カムサム池公園
감성공작소협동조합,Gamsung Gongjakso Cooperative,感性工作所協同組合
고모령비,Gomoryeongbi Monument,顧母霊碑
고산골 공룡공원,Gosangol Dinosaur Park,コサンゴル 恐竜公園
공항교강변공원,Gonghang Bridge Riverside Park,空港橋川辺公園
관암사,Gwanamsa Temple,冠岩寺
구암팜스테이,Guam Farm Stay,亀岩ファームステイ
국립신암선열공원,National Sinamsunyeol Park,国立新岩先烈公園
국우동 탱자나무,Trifoliate Orange Tree of Gugu-dong,菊うどんのカラマツ
금용사,Geumyongsa Temple,禁勇者
낙동강6경(달성습지사문진)강정고령보좌안,Gangjeong goryoung bojwa-an Bridge of Nakdonggang River 6 Scenic Views (Dalseongseupji Wetland Samunjin),洛東江6景(達城湿地沙門津)江亭高霊洑左岸
남지장사,Namjijangsa Temple,男地商売
남평문씨본리세거지,Village of the Nampyeong Mun Clan in Bon-ri,南平文氏の本里の世居地
노태우 대통령 생가,Birth Home of President Roh Tae-woo,盧泰愚大統領の生家
달성노을공원,Dalseong Noeul Park,達城夕焼け公園
달성하목정,Dalseonghamokjeong Pavilion,達城霞鶩亭
대한불교조계종대견사,Korean Buddhism Jogyejong Daegyeonsa Temple,大韓仏教曹渓宗大見寺
대구가톨릭사회복지회,Daegu Catholic Social Welfare Association,大邱カトリック社会福祉会
대구경북디자인진흥원,Daegu Gyeongbuk Design Promotion Agency,大邱慶北デザイン振興院
대구 근대골목,Daegu Modern Alley,大邱近代通り
대구꽃박람회,Horticulture Daegu Korea,大邱花博覧会
대구 녹색에너지체험관,Daegu Green Energy Experience Center,大邱グリーンエネルギー体験館
대구 달성습지,Dalseong Dalseongseupji Wetland,大邱達城湿地
약령시관광안내소,Yangnyeong City Tourist Information Center,薬令市観光案内所
대구부수성비,Commemorative Monument for the Renovation of Daegubuseong Fortress,大邱府修城碑
대구수목원,Daegu Arboretum,大邱樹木園
대구시민안전테마파크,Daegu Safety Park,大邱市民安全テーマパーク
하중도,Hajungdo Islet,川中島
도림사종합종무소,Dorimsa Temple Office,道林寺総合宗務所
동성로,Dongseongno Street,東城路
동인동 찜갈비 골목,Dongin-dong Jjimgalbi Alley,東仁洞カルビの蒸し物通り
동촌유원지,Dongchon Recreation Area,東村遊園地
망우당공원,Mangudang Park,忘憂堂公園
묘골마을,Myogol Village,ミョゴル村
앞산자락길,Apsan Jarak Trail,アプ山チャラクギル
천주교대구대교구 주교좌계산대성당,Roman Catholic Archdiocese of Daegu Gyesan Cathedral,カトリック大邱大司教区主教座桂山大聖堂
달성 태고정,Dalseong Taegojeong Hall,達城太古亭
한방의료체험타운,Korean Medicine Experience Town,韓方医療体験タウン
대나무건강랜드,Bamboo Health Land,竹健康ランド
마량항,Maryang Port,馬梁港
비치스파랜드,Beach Spa Land,ビーチスパランド
여수스포렉스,Yeosu Sporex,麗水スポレックス
태도,Attitude,苔島
감응사,Gameungsa Temple,感応寺
감포항,Gampo Port,甘浦港
강구항,Ganggu Port,江口港
강변공원,Riverside Park,江辺公園
개경포기념공원,Gaegyeongpo Memorial Park,開経浦記念公園
개목사,Gaemoksa Temple,開目寺
현대온천,a modern hot spring,現代温泉
거동사,Geodongsa Temple,巨洞寺
거일1리 어촌체험마을,Geoil 1-ri Fishing Village,巨逸1里漁村体験村
건천편백나무숲,Geoncheon Cypress Forest,乾川ヒノキの森
경북전통음식체험관 모심정,Gyeongsangbuk-do Traditional Food Experience Center Mosimjeong,慶北伝統料理体験館モシムジョン
경상북도수목원,Gyeongsangbuk-do Arboretum,慶尚北道樹木園
경청항,Gyeongjeonghang Port,景汀港
경정해변,Gyeongjeong Beach,景汀海辺
경주감은사지,Gyeongju Gameunsa Temple Site,慶州感恩寺址
경주국립공원,Gyeongju National Park,慶州国立公園
경주 굴불사지 석조사면불상,"Stone Buddhas in Four Directions at Gulbulsa Temple Site, Gyeongju",慶州掘仏寺址石造四面仏像
경주 나정,Gyeongju Najung,慶州蘿井
경주남산동동서삼층석탑,"Three-story Stone Pagoda in Namsan-dong, Gyeongju",慶州南山洞東西三層石塔
경주 남산 불곡 마애여래좌상,"Seated Rock-carved Buddha in Namsan, Gyeongju",慶州南山仏谷磨崖如来坐像
경주 남산 용장사곡 삼층석탑,"Three-story Stone Pagoda in Yongjangsagok, Namsan, Gyeongju",慶州南山茸長寺谷三層石塔
옥룡암,Oglyongam Hermitage,玉龍岩
영산포홍어거리,Yeongsanpo Skate Street,栄山浦ガンギエイ通り
경주 동부 사적지대,Gyeongju Eastern Historic Site,慶州東部史跡地帯
경주배동석조여래삼존입상,"Standing Stone Buddha Triad in Baedong, Gyeongju",慶州拝洞石造如来三尊立像
경주 서출지,Gyeongju Seochulji Pond,慶州書出池
경주 석빙고,Gyeongju Seokbinggo,慶州石氷庫
경주시 관광특구,Gyeongju Special Tourist Zone,慶州市観光特区
경주 양남 주상절리 전망대,"Columnar Joints Observatory in Yangnam-myeon, Gyeongju",慶州陽南柱状節理展望台
경주엑스포대공원,Gyeongju EXPO Grand Park,慶州エキスポ大公園
경주역사유적지구대릉원지구,"Daereungwon District, Gyeongju Historic Site Area",慶州歴史遺跡地区大陵苑地区
경주월드캘리포니아비치,Gyeongju World California Beach,慶州ワールドカリフォルニアビーチ
경주유연정,Gyeongju Yuyeonjeong Pavilion,慶州悠然亭(ユヨンジョン)
경주읍성,Gyeongjueupseong Walled Town,慶州邑城
경주 풍력발전,Gyeongju Wind Farm,慶州風力発電
경주핑크뮬리,Gyeongju Pink Muhly Grass,慶州ピンクミュリー
경천대국민관광지,Gyeongcheon Daegungmin Tourist Area,擎天台国民観光地
경천호,Gyeongcheonho Lake,慶川湖
백화정,Baekhwajeong Pavilion,百花亭
스파온,Spa on,スパオン
진남정,Jinnamjeong Pavilion,チン·ナムジョン
당진워터프리아,Dangjin Waterfria,唐津ウォータープリア
덕산온천24시불가마,Deoksan Hot Spring 24:00 Bulma,徳山温泉24時釜島
온양온천랜드,Onyang Hot Spring Land,温陽温泉ランド
천안병천순대거리,Cheonan Byeongcheon Sundae Street,天安並川スンデ通り
계림사,Gyerimsa Temple,鶏林寺
고래불해수욕장,Goraebul Beach,コレブル海水浴場
고령은행나무숲,Ginkgo Grove in Goryeong,高霊銀杏の森
고산정,Gosanjeong Pavilion,狐山亭
고석사,Goseoksa Temple,古石寺
고치령마구령,Gochiryeong Maguryeong Pass,コチリョン・マグリョン
관성솔밭해변,Gwanseongsolbataebyeon Beach,クァンソンソルバッ海辺
관음도,Gwaneumdo Island,観音島
광흥사,Gwangheungsa Temple,広興寺
괴시리 전통마을,Goesiri Traditional Village,槐市里伝統村
교촌녹색농촌체험마을,Gyochon Green Village,校村緑色農村体験村
구룡포근대문화역사거리,Guryongpo Modern Culture and History Street,九龍浦近代文化歴史通り
구룡포 말목장성탐방로,Guryongpo Malmokjangseong Trail,九龍浦 馬牧場城探訪路
구룡포주상절리,Guryongpo Columnar Joints,九龍浦 柱状節理
구룡포해수욕장,Guryongpo Beach,九龍浦海水浴場
구미 금산리 떡버들,Gumi Geumsanri Tteokbeodeul,亀尾 錦山里 ダンナヤナギ
구미대둔사대웅전,Gumi Daedunsa Temple Daeungjeon Hall,亀尾 大屯寺 大雄殿
구미성리학역사관,Gumi Seongnihak Museum,亀尾性理学歴史館
구미역후면광장,Gumiyeok Humyeon Plaza,亀尾駅背面広場
문화관,Cultural Center,文化館
구산항,Gusan Port,邱山港
구산해수욕장,Gusan Beach,邱山海水浴場
국립검마산자연휴양림,Geommasan National Recreational Forest,国立剣磨山自然休養林