머내과학공원,Meonae Science Park,マネ科学公園
모담공원,Modam Park,モダム公園
모란공원,Moran Park,牡丹公園
모란생태공원,Moran Ecological Park,牡丹生態公園
모산근린공원(2024년예정),Mosan Neighborhood Park (scheduled for 2024),茅山近隣公園(2024年予定)
목감공원,Mokgam Park,牧甘公園
목감소공원,Mokgamso Park,牧甘沼公園
목실공원,Moksil Park,木室公園
목화공원,Cotton Park,綿花公園
못골공원,Motgol Park,モッコル公園
묘지공원,Cemetery Park,墓地公園
무궁화공원,Mugunghwa Park,無窮花公園
무원공원,Muwon Park,茂原公園
무잡모퉁이공원,Mujab Corner Park,無雑角公園
무장들공원,Armed Field Park,武将野公園
무지개문화공원,Rainbow Culture Park,虹の文化公園
문예문화공원,Literary and Cultural Park,文芸文化公園
문헌근린공원,Literature Neighborhood Park,文献近隣公園
물결공원,Wave Park,波の公園
물다미공원,Water Dami Park,ムルダミ公園
물레방아쉼터,a waterwheel shelter,水車小屋
물빛공원,Mulbit Park,ムルビッ公園
물안개공원,Water fog park,水霧公園
물푸레공원,Mulpure Park,水車公園
미리내공원,Mirinae Park,ミリネ公園
미사강변성당,Misa Riverside Cathedral,ミサ江辺聖堂
미사숲공원,Misa Forest Park,ミサの森公園
미사역사일가공원,a misa station worker,微砂歴史加工員
미사호수공원,Misa Lake Park,ミサ湖公園
미양공원,Miyang Park,美陽公園
민백공원,Minbaek Park,ミンベク公園
바람근린공원,Wind Neighborhood Park,風近隣公園
바람소리공원,Wind Sound Park,風の音公園
반달중앙공원,Half Moon Central Park,半月中央公園
반석산노인공원,Banseoksan Senior Park,盤石山老人公園
반월공원,Banwol Park,半月公園
밤가시공원,Night thorn park,栗樫公園
밤나무공원,Chestnut Tree Park,栗の木公園
밤밭청개구리공원,Night Field Green Frog Park,栗原青蛙公園
방아고개공원,Bangagogae Park,バンア峠公園
방아공원,Banga Park,バンア公園
방죽골공원,Bangjukgol Park,防竹谷公園
배곧생명공원,Baegot Life Park,ペゴッ生命公園
배곧성당,Baegot Cathedral,ペゴッ聖堂
배수지공원,Baesuji Park,配水池公園
백동단지공원,Baekdong Complex Park,白洞団地公園
벽산블루밍아파트공원,Byeoksan Blooming Apartment Park,碧山ブルーミングアパート公園
벽제공원,Byeokje Park,碧蹄公園
별내중앙공원,Byeolnae Central Park,ビョルネ中央公園
별님공원,Byulnim Park,ビョルニム公園
별다올근린공원,Byeoldaol Neighborhood Park,ビョルダオル近隣公園
별빛광장,Starlight Square,星明かり広場
병점근린공원,Byeongjeom Neighborhood Park,ビョンジョム近隣公園
보담공원,Bodam Park,ポダム公園
복사골공원,Boksagol Park,ポクサゴル公園
복우물공원,Bok Well Park,福井戸公園
복지공원,a welfare park,福祉公園
본오공원,Bono Park,本五公園
봇들공원,Botdeul Park,ボットゥル公園
부곡근린공원,Bugok Neighborhood Park,釜谷近隣公園
부락산문화공원,Buraksan Cultural Park,富楽山文化公園
부락산분수공원,Buraksan Fountain Park,富楽山噴水公園
부악공원,Buak Park,富岳公園
부용공원,Buyong Park,芙蓉公園
북새말공원,Buksaemal Park,北セマル公園
비둘기근린공원,Pigeon Neighborhood Park,ハト近隣公園
비룡성당,Biryong Cathedral,飛龍聖堂
비발디공원,Vivaldi Park,ビバルディ公園
빛나래공원,Bitna Rae Park,ビッナレ公園
사기막골근린공원,Sagimakgol Neighborhood Park,サギマクゴル近隣公園
사도들의모후수도회,the Apostles' Mother's Order,使徒たちの母后修道会
사동공원,Sadong Park,沙洞公園
사우공원,Sau Park,サウ公園
사우마을숲공원,Sau Village Forest Park,サウマウル森公園
산내공원,Sannae Park,山内公園
산마루공원,Sanmaru Park,サンマル公園
산바람공원,Sanbaram Park,山風公園
산새들공원,Mountain Bird Park,サンセドゥル公園
산성동조각공원,Sanseong Dong Sculpture Park,山城洞彫刻公園
산수유공원,Sansuyu Park,サンシュユ公園
산울림공원,Sanwoolim Park,サンウルリム公園
산이슬공원,Sanseul Park,サンイスル公園
살구골공원,Apricot Valley Park,アンズゴル公園
살구꽃공원,Apricot Flower Park,あんず花公園
살구나무공원,Apricot Tree Park,あんずの木公園
살박근린공원,Salbak Neighborhood Park,サルバク近隣公園
삼봉근린공원,Sambong Neighborhood Park,三峰近隣公園
삼성경로당공원,Samsung Senior Citizens Hall Park,三成敬老堂公園
삼정동성당,Samjeong-dong Cathedral,三井洞聖堂
삼포공원,Sampo Park,三浦公園
삼호공원,Samho Park,三湖公園
삼환공원,Samhwan Park,三環公園
상갈리소공원,Sangalliso Park,サンガリソ公園
상록근린공원,Evergreen Neighborhood Park,常緑近隣公園
상봉암동 쌈지공원,Sangbongam-dong Ssamji Park,上鳳岩洞サムジ公園
상신성당,Sangsin Cathedral,上神聖堂
상자포리문화소통공원,Boxpo-ri Cultural Communication Park,サンジャポリ文化疎通公園
상하공원,Sangha Park,上下公園
상현공원,Sanghyeon Park,サンヒョン公園
상현레스피아,Sanghyun Respia,サンヒョンレスピア
상현소공원,Sanghyeon Small Park,上弦小公園
새꽃공원,Bird Flower Park,鳥の花公園
새물공원,Bird Water Park,セムル公園
새암공원,Saeam Park,セアム公園
새터근린공원,Saeteo Neighborhood Park,セト近隣公園
새한공원,Saehan Park,セハン公園
새희망공원,New Hope Park,セヒマン公園
샘물공원,Spring Water Park,泉水公園
샘재공원,Samjae Park,セムジェ公園
샛말공원,Saemal Park,セッマル公園
샛별공원,New Star Park,セッピョル公園
샛터공원,Saeteo Park,サット公園
생매공원,Saengmae Park,センメ公園
생연근린공원,Saengyeon Neighborhood Park,生淵近隣公園
생태습지공원,Ecological Wetland Park,生態湿地公園
서삼릉공원,West Samneung Park,西三陵公園
서오릉공원,Seo Oreung Park,西五陵公園
서정나루공원,Seojeongnaru Park,ソジョンナル公園
서정문화공원,Seojeong Cultural Park,ソジョン文化公園
서천레스피아,Western Respia,舒川レスピア
서해공원,West Sea Park,西海公園
석교공원,Seokgyo Park,石橋公園
석수골공원,Seoksugol Park,ソクスゴル公園
석수공원,Seoksu Park,石水公園
석수삼막소공원,Seoksu Sammak Small Park,石水三幕小公園
석수초교공원,Seoksu Elementary School Park,石水小学校公園
석우리천공원,Seokwicheon Park,石隅川公園
선돌근린공원,Seondol Neighborhood Park,ソンドル近隣公園
선승공원,Seonseung Park,禅僧公園
선주리들근린공원,Seonjurideul Neighborhood Park,仙州里ドゥル近隣公園
설봉국제조각공원,Seolbong International Sculpture Park,雪峯国際彫刻公園
설촌공원,Seolchon Park,雪村公園
섬말소공원,Summalso Park,島末沼公園
성남동나들이어린이공원,Seongnam Dong Nadeul Children's,城南洞おでかけ子供公園
성동공원,Seongdong Park,ソンドン公園
성라공원,Seongla Park,ソンラ公園
성라근린공원,Seongra Neighborhood Park,ソンラ近隣公園
성저공원,Seongjeo Park,城底公園
세우리교,Seuryoism,セウリ橋
소나무공원,Pine Tree Park,松の公園
소담공원,Sodam Park,ソダム公園
소리내음공원,Sound Sound Park,音の香り公園
소목개마을공원,Somokgae Village Park,ソモクゲマウル公園
소사벌성당,Sosabal Cathedral,焼死伐聖堂
소사본동성당,Sosabondong Cathedral,素砂本洞聖堂
소실봉공원,Gasangbong Park,焼失峰公園
소하공원,Soha Park,小河公園
손바닥 소공원,Palm Small Park,手のひら小公園
손바닥공원,Palm Park,手のひら公園
손바닥공원놀이터,Palm Park Playground,手のひら公園遊び場
솔내공원,Solnae Park,ソルネ公園
솔내음공원,Solnaeum Park,松の香り公園
솔대공원,Soldae Park,ソルデ公園
솔모루공원,Solmoru Park,ソルモル公園
솔바람공원,Solbaram Park,松風公園
솔밭산공원,Solbatsan Park,松畑山公園
솔빛공원,Solbit Park,松の光公園
솔향기공원,Solhyanggi Park,松の香り公園
솟대공원,Sotdae Park,ソッデ公園
송강공릉천공원,Songgang Gongneungcheon Park,松江孔陵川公園
송곡공원,Songgok Park,松谷公園
송내동 쌈지공원,Ssamji Park in Songnae-dong,松内洞サムジ公園
송담근린공원,Songdam Neighborhood Park,松潭近隣公園
송동공원,Songdong Park,松洞公園
송림공원,Songlim Park,松林公園
송방공원,Songbang Park,松方公園
송북동신흥마을쌈지공원,Sinheung Village Ssamji Park in Songbuk-dong,松北洞新興村サムジ公園
송산3.1기념공원,Songsan 3.1 Memorial Park,松山3.1記念公園
송산사지근린공원,Songsan Temple Site Neighborhood Park,松山寺址近隣公園
송서성당,Songseo Cathedral,松西聖堂
송전레스피아,Transmission Respia,松田レスピア
송정공원,Songjeong Park,松亭公園
송포공원,Songpo Park,松浦公園
송현공원,Songhyeon Park,松峴公園
송화공원,Songhwa Park,松花公園
수내공원,Sunae Park,水内公園
수노을중앙공원,Sunoeul Central Park,スノウル中央公園
수락리버시티공원,Surak River City Park,水落リバーシティ公園
수리산성지성당,Surisan Sanctuary Cathedral,スリ山聖地聖堂
수원시청소년문화공원,Suwon Youth Culture Park,水原市青少年文化公園
수원월드컵경기장조각공원,Suwon World Cup Stadium Sculpture Park,水原ワールドカップ競技場彫刻公園
수지근린공원,Suji Neighborhood Park,水枝近隣公園
수청공원,Sucheong Park,水清公園
수촌공원,Suchon Park,水村公園
수촌근린공원,Suchon Neighborhood Park,水村近隣公園
수촌소공원,Suchon Small Park,水村小公園
숲속공원,a forest park,森の公園
숲속향기공원,Forest Fragrance Park,森の香り公園
스크랜톤채플,Scranton Channel Plus,スクラントンチャペル
승지문화공원,Seungji Culture Park,スンジ文化公園
시계탑공원,Clock Tower Park,時計台公園
시화나래조력공원,Sihwa Narae Jorye Park,始華ナレ潮力公園
식골공원,Sikgol Park,食骨公園
식사중앙공원,Siksa Central Park,食事中央公園
신곡공원,Singok Park,新谷公園
신나는어린이공원,an exciting children's park,楽しい子供公園
신남근린공원,Shinnam Neighborhood Park,シンナム近隣公園
신남성당,Shinnam Cathedral,新南聖堂
신능공원,Sinnung Park,新陵公園
신당근린공원,Sindang Neighborhood Park,新堂近隣公園
신대쌈지공원,Shindae Ssamji Park,シンデサムジ公園
신작공원,a new park,シンジャク公園
신정공원,Sinjeong Park,新亭公園
신촌마을해솔공원,Sinchon Village Haesol Park,新村村ヘソル公園
신현솔숲공원,Shin Hyun-sol Forest Park,シンヒョンソル森公園
신호등어린이공원,Traffic light children's park,信号機子供公園
신화공원,Shinhwa Park,神話公園
신흥근린공원,Shinheung Neighborhood Park,新興近隣公園
실개울공원,Silgaeul Park,シルゲウル公園
심곡본동성당,Simgokbon-dong Cathedral,深谷本洞聖堂
심곡성당,Simgok Cathedral,深谷聖堂
쌍봉산근린공원,Ssangbong Mountain Neighborhood Park,双峰山近隣公園
아름공원,Arum Park,アルム公園
아름마을공원,Arum Village Park,アルムマウル公園
아천빗물펌프장생태습지,Acheon Rain Pumping Station Ecological Wetland,峨川雨水ポンプ場生態湿地
아쿠아키즈파크,Aqua Kids Park,アクアキッズパーク
안골소공원,Angolso Park,アンゴルソ公園
안산부곡공원,Ansan Bugok Park,安山釜谷公園
안삼미공원,Ansammi Park,安三美公園
안성문화재공원,Anseong Cultural Heritage Park,安城文化財公園
안송근린공원,Ansong Neighborhood Park,安松近隣公園
안양예술공원,Anyang Art Park,安養芸術公園
안중성당,Anjung Cathedral,眼中聖堂
안흥동공설묘지공원,Anheung-dong Public Cemetery Park,安興洞公設墓地公園
알곡성전,the Battle of Algol,アルゴク聖戦
알미공원,Almi Park,アルミ公園
알미산공원,Almisan Park,アルミ山公園
암새달공원,Amsae Moon Park,雌鳥達公園
야탑공원,Yatap Park,野塔公園
약대공원,Yakdae Park,若大公園
양영공원,Yangyeong Park,楊栄公園
양주백석성당,Yangju Baekseok Cathedral,楊州白石聖堂
양지공원,Yangji Park,ヤンジ公園
양지말공원,Yangjimal Park,陽地マル公園
어등산레포츠공원,Eodeungsan Leports Park,魚登山レジャースポーツ公園
어린이교통교육장,Children's Transportation Training Center,子供交通教育場
어인남공원,Eoinnam Park,オインナム公園
언남공원,Unnam Park,彦南公園
언덕공원,a hill park,丘公園
에버그린파크,Evergreen Park,エバーグリーンパーク
엘지공원,LG Park,エルジー公園
여계근린공원,Yeogye Neighborhood Park,ヨゲ近隣公園
여수근린공원,Yeosu Neighborhood Park,麗水近隣公園
여수울공원,Yeosu Seoul Park,ヨスウル公園
여울목공원,Yeoulmok Park,ヨウルモク公園
여주성당,the main cathedral of Korea,驪州聖堂
여주저류지,a reservoir of Korea,驪州貯留地
여치공원,Yeotchi Park,ヨチ公園
역말소공원,Station Malso Park,駅末小公園
역북문화공원,Yeokbuk Cultural Park,駅北文化公園
역북소공원,Yeokbuk Small Park,駅北小公園
연암공원,Yeonam Park,燕岩公園
연양동공원,Yeonyang-dong Park,延陽洞公園
연천 고랑포구 역사공원,Yeoncheon Gorangpo-gu Historic Park,漣川古浪浦区歴史公園
열린맘공원,Open Mom Park,開かれたママ公園
열린문화공원,Open Culture Park,開かれた文化公園
열림공원,Open Park,開園公園
열쇠성당,Key Cathedral,鍵聖堂
영국군설마리전투추모공원,Battle Memorial Park for the British Army,イギリス軍まさか里戦闘追悼公園
영덕공원,Yeongdeok Park,盈徳公園
영덕레스피아,Yeongdeok Respia,盈徳レスピア
영복공원,Yeongbok Park,永福公園
영월근린공원,Yeongwol Neighborhood Park,寧越近隣公園
영장공원,Warden Park,霊場公園
영통사공원,Yeongtongsa Park,霊通寺公園
예슬공원,Yeseul Park,イェスル公園
오리공원,Duck Park,梧里公園
오리역사공원,Ori History Park,オリ歴史公園
오목문화공원,Omok Cultural Park,梧木文化公園
오목천공원,Omokcheon Park,梧木川公園
오비즈공원,Obiz Park,オービーズ公園
오산근린공원,Osan Neighborhood Park,烏山近隣公園
오야소공원,Oyaso Park,大八十公園
오음공원,Five-eum,梧蔭公園
오전로가족공원,A.M.R. Family Park,午前路家族公園
오전초교앞공원,Morning elementary school park,午前小学校前公園
옥빛공원,Okbit Park,オクビッ公園
옥정중앙공원,Okjeong Central Park,玉井中央公園
옥천레포츠공원,Okcheon Leports Park,玉川レポーツ公園
옥천문화공원,Okcheon Cultural Park,沃川文化公園
옹기동산,Onggi Garden,甕の園
옹달샘공원,Ongdalsam Park,オンダルセム公園
옹달샘인공습지,Ongdalsam Artificial Wetland,オンダル泉人工湿地
와개공원,Wagae Park,臥蓋公園
와동묘지공원,Wadong Cemetery Park,臥洞墓地公園
와우남촌공원,Wow Namchon Park,ワウナムチョン公園
와우코리요공원,Wow Coryo Park,ワウコリヨ公園
완두콩소공원,Pea Small Park,エンドウ豆小公園
왕숙천 시민공원,Wangsukcheon Civic Park,王淑川市民公園
외삼미근린공원,Oesammi Neighborhood Park,外三味近隣公園
외삼미소공원,Oesamiso Park,ウェサムミソ公園
용뫼공원,Yongmoe Park,ヨンメ公園
용성공원,Yongseong Park,龍城公園
용인중앙공원,Yongin Central Park,龍仁中央公園
용천공원,Yongcheon Park,龍川公園
용하공원,Yongha Park,ヨンハ公園
운경공원묘원,Ungyeong Park Cemetery,雲鏡公園墓園
운유공원,a transportation center,雲遊公園
운정건강공원,Unjeong Health Park,雲井健康公園
운중공원,a cloud park,雲中公園
운천성당,Uncheon Cathedral,雲泉聖堂
웃고얀근린공원,Laughing Neighborhood Park,ウッコヤン近隣公園
웃터골공원,Uttergol Park,ウットコル公園
원일공원,Wonil Park,遠日公園
원장당공원,Wonjangdang Park,園長堂公園
원정리소공원,Wonjeong Riso Park,院井里小公園
원정지구소공원,Wonjeong District Small Park,遠征地区小公園
원천동성당,Woncheon-dong Cathedral,遠川洞聖堂
원포공원,Wonpo Park,遠浦公園
원흥동 성 바오로6세 성당,St. Paul VI's Cathedral in Wonheung-dong,元興洞聖パウロ6世聖堂
월곶조각공원,Wolgot Sculpture Park,月串彫刻公園
월피공원,Wolphy Park,ウォルピ公園
위례성데레사성당,The Cathedral of Wirye Castle de Resa,慰礼聖デレッサ聖堂
윗말공원,Witmal Park,ウィッマル公園
유니온파크,Union Park,ユニオンパーク
유통단지공원,Distribution Complex Park,流通団地公園
육탄10용사기념공원,Yuktan Ten Martyrs Memorial Park,六炭十勇士記念公園
율곡습지공원,Yulgok Wetland Park,栗谷湿地公園
율동공원,Yuldong Park,栗洞公園
율리공원,Yuli Park,栗里公園
으뜸체육공원,the best sports park,トップ体育公園
은계중앙공원,Eungye Central Park,ウンゲ中央公園
은대공원,Eundae Park,ウンデ公園
은데미근린공원,Eundemi Neighborhood Park,ウンデミ近隣公園
은빛개울공원,Silver River Park,銀色の小川公園
은빛공원,Silver Park,銀色の公園
은샘공원,Eunsaem Park,ウンセム公園
은실근린공원,Eunsil Neighborhood Park,ウンシル近隣公園
은여울공원,Eunyeoul Park,ウンヨウル公園
은행근린공원,Eunhaeng Neighborhood Park,銀杏近隣公園
은행마을공원,Eunhaeng Village Park,銀杏村公園
이곡공원,Igok Park,二谷公園
이문안호수공원,Lee Munan Lake Park,イムンアン湖公園
이물재공원,Lee Sangjae Park,異物材公園
이삭길공원,Isaac Street Park,イサクギル公園
이수흥공원,Isuheung Park,イスフン公園
이천 온천공원,Icheon Hot Spring Park,利川温泉公園
이천갈산현진에버빌아파트공원,Icheon Galsan Hyunjin Everville Apartment Park,利川葛山ヒョンジンエバービルアパート公園
이천성당,Icheon Cathedral,利川聖堂
이천휴게소(하남방향)공원,Icheon Service Area (Hanam-dong) Park,利川サービスエリア(河南方向)公園
이팝나무공원,Yipopnamu Park,ヒトツバタゴ公園
인덕원공원,Indeokwon Park,仁徳院公園
인창중앙공원,Inchang Central Park,仁昌中央公園
일동공원,Ildong Park,一同公園
일번가공원,First Street Park,一番街公園
일산3도시개발구역 소공원,Ilsan 3 Urban Development Zone Small Park,一山3都市開発区域小公園
일산성당,Ilsan Cathedral,一山聖堂
일패근린공원,Ilpae Neighborhood Park,一敗近隣公園
임곡공원,Imgok Park,林谷公園
자연애공원,a nature park,自然愛公園
자은근린공원,Jaeun Neighborhood Park,慈恩近隣公園
자작나무공원,birch park,シラカバ公園
자전거공원,a bicycle park,自転車公園
자전거생태공원,Bicycle Ecological Park,自転車生態公園
자전거안전교육장,Bicycle Safety Training Center,自転車安全教育場
자혜물놀이터,Jahye Water Playground,慈恵水遊び場
작은막공원,Small Mak Park,小さな幕公園
작은새공원,Little Bird Park,小鳥公園
잔다리근린공원,Jandari Neighborhood Park,ジャンダリ近隣公園
장고개공원,Janggogae Park,チャンゴゲ公園
장당공원,Jangdang Park,チャンダン公園
장승백이공원,Jangseungbaeki Park,チャンスンベギ公園
장지동성당,Jangjidong Cathedral,長旨洞聖堂
장지이웃공원,Jangji Neighborhood Park,チャンジ隣人公園
장짐공원,Jangjim Park,チャンジム公園
장촌공원,Jangchon Park,チャンチョン公園
장터골공원,Jangteogol Park,チャントコル公園
장항공원,Janghang Park,長項公園
장항습지,Janghang Wetland,長項湿地
장호원공원,Janghowon Park,長湖院公園
장흥조각공원,Jangheung Sculpture Park,長興彫刻公園
재궁공원,Jaegung Park,斎宮公園
전곡근린공원,Jeongok Neighborhood Park,全谷近隣公園
전동약수터,an electric mineral spring,電動薬水場
전망대공원,Observatory Grand Park,展望台公園
절골말근린공원,Jeolgolmal Neighborhood Park,チョルゴルマル近隣公園
점성공원,a astrological park,占星公園
정발산공원,Jeongbalsan Park,正発山公園
정암수목공원,Jeongam Tree Park,静岩樹木公園
정평공원,Jeongpyeong Park,静平公園
조각공원,Sculpture Park,彫刻公園
조개비쉼터,Shelby Shelter,貝殻シェルター
조원동주교좌성당,Cho Won-dong Cathedral,棗園洞主教座聖堂
좌울공원,Chowool Park,左ウル公園
주곡문화공원,Jugok Culture Park,酒谷文化公園
주산도공원,Jusando Park,主山島公園
죽미공원,Jukmi Park,竹尾公園
죽산연못공원,Juksan Pond Park,竹山池公園
죽전70호근린공원(2023년6월예정),Jukjeon No. 70 Neighborhood Park (scheduled for June 2023),竹田70号近隣公園(2023年6月予定)
죽전새터공원,Jukjeon Saeteo Park,竹田セト公園
죽현마을중앙공원,Jukhyeon Village Central Park,竹峴村中央公園
중동사거리쉼터공원,Jungdong Intersection Rest Area Park,中洞交差点憩いの場公園
중보들공원,Jungbodeul Park,中ボドゥル公園
중봉근린공원,Jungbong Neighborhood Park,中峰近隣公園
중산더부골공원,Jungsan Deobugol Park,中山ダブゴル公園
중산마루공원,Jungsan Maru Park,中山丸公園
중산안골공원,Jungsan Angol Park,中山アンゴル公園
중산안학공원,Zhongshan Anhak Park,中山安鶴公園
중산태미공원,Zhongshan Taemi Park,中山泰美公園
중앙광장,the central square,中央広場
중앙근린공원,Central Neighborhood Park,中央近隣公園
중앙문화공원,Central Cultural Park,中央文化公園
지도공원,Map Park,地図公園
지산이주단지공원,Jisan Jujube Complex Park,ジサン移住団地公園
지성공원,Jisung Park,至誠公園
직동근린공원,Jikdong Neighborhood Park,直東近隣公園
진고개공원,Jingogae Park,ジンゴゲ公園
진사근린공원,Jinsa Neighborhood Park,チンサ近隣公園
진사생태공원,Jinsa Ecological Park,ジンサ生態公園
짚풀공원,a straw pool park,わら公園
참나무공원,Oak Tree Park,クヌギ公園
참회와 속죄의 성당,a church of penance and atonement,懺悔と贖罪の聖堂
창말소공원,Changmalso Park,チャンマルソ公園
창우근린공원,Changwoo Neighborhood Park,長友近隣公園
창훈공원,Changhun Park,昌勲公園
천도교화악산수도원,Cheondogyo-Hwasan Monastery,天道教化岳山修道院
천리레스피아,a thousand lirespia,千里レスピア
천문공원,Astronomical park,天文公園
천보공원,Cheonbo Park,天保公園
천주교 관악성당,a Catholic church,カトリック冠岳聖堂
천주교 교하성당,a Catholic church,カトリック教下聖堂
천주교 상록수성당,an evergreen Catholic church,カトリック常緑樹聖堂
천주교 진접성당,a Catholic church,カトリック真接聖堂
천주교세마성당,Catholic Sema Cathedral,カトリック洗馬聖堂
천주교쌘뽈수도원유지재단,Catholic Sampol Monastery Maintenance Foundation,カトリックセンポル修道院維持財団
천주교안흥성당,Catholic Anheung Cathedral,天主教・安興カトリック教会
천주교의정부교구운정성당,"Unjeong Cathedral, a Catholic parish",カトリックの政府教区雲井聖堂
천하늘공원,Cheonneul Park,天下ヌル公園
청계산맑은숲공원,Cheonggyesan Clear Forest Park,清渓山きれいな森公園
청덕성모승천성당,Cheongdeok St. Mary's Ascension Cathedral,清徳聖母昇天聖堂
청록공원,Turquoise Park,青鹿公園
청미공원,Cheongmi Park,チョンミ公園
청사앞소공원,Small Park in front of the building,庁舎前小公園
청산공원,Cheongsan Park,青山公園
청석공원,Cheongseok Park,青石公園
청솔공원,Cheongsol Park,チョンソル公園
청송근린공원,Cheongsong Neighborhood Park,青松近隣公園
청실공원 부천 중동,Cheongsil Park Bucheon Middle East,チョンシル公園富川中洞
청천공원,Cheongcheon Park,清川公園
청평성당,Cheongpyeong Cathedral,清平聖堂
첼로공원,Cello Park,チェロ公園
초록누리근린공원,Green Nuri Neighborhood Park,緑ヌリ近隣公園
초림공원,Chorim Park,草林公園
초부리생태습지,Choburi Ecological Wetland,チョブリ生態湿地
초원공원,a meadow park,チョウォン公園
추계레스피아,Autumn Respia,秋季レスピア
추팔근린공원,Chupal Neighborhood Park,チュパル近隣公園
충혼공원,Chunghon Park,忠魂公園
칠괴공원,Chilgoe Park,七塊公園
칠원소공원,Chilwonso Park,七元小公園
캠프하우즈문화공원,Camp Haus Cultural Park,キャンプ·ハウズ文化公園
코아루아파트공원,Koaru Apartment Park,コアルアパート公園
킨텍스중앙공원,KINTEX Central Park,キンテックス中央公園
탄요유적공원,Tanyo Historic Park,炭陽遺跡公園
탄천민물고기습지생태원,Tancheon Folk Fish Wetland Ecological Center,炭川淡水湿地生態園
탄현공원,Tanhyeon Park,炭峴公園
탑동공원,Tapdong Park,塔洞公園
탑현공원,Taphyeon Park,塔峴公園
태극공원,Taegeuk Park,太極公園
텃밭공원,a garden park,菜園公園
토리공원,Tori Park,鳥公園
토월공원,Towol Park,吐月公園
토평공원,Topyeong Park,土坪公園
대유평공원,Daeyupyeong Park,大遊平公園
통일공원,Unification Park,統一公園
통일동산갈대광장공원,Reunification Garden Galdae Square Park,統一東山葦広場公園
통일동산노을동산공원,Unification Garden Noeul Garden Park,統一東山ノウル東山公園
통일동산락가든공원,Unification Garden Park,統一トンサンラクガーデン公園
통진레코파크,Tongjin Reco Park,トンジンレコパーク
퇴계원공원,Toegyewon Park,退渓園公園
퇴계원물놀이장공원,Toegyewon Water Playground Park,退渓園水遊び場公園
판교성김대건안드레아성당,Kim Dae-geon Andrea Cathedral in Pangyo,板橋聖キム·デゴンアンドレア聖堂
팔당물안개공원,Paldang Water Fog Park,八堂水霧公園
패키지공원,Package Park,パッケージ公園
평원공원,a plain park,平原公園
평화의쉼터,a resting place for peace,平和の憩いの場
포곡공원,Pogok Park,浦谷公園
푸르내공원,Purnae Park,プルネ公園
푸르지오아파트공원,Prugio Apartment Park,プルジオアパート公園
푸른내공원,Blue Inner Park,プルンネ公園
푸른물빛근린공원,Blue Water Neighborhood Park,青い水色近隣公園
푸른숲공원,Green Forest Park,青い森公園
푸른쉼터,a green shelter,緑の憩いの場
풀무골공원,Pulmugol Park,プルムゴル公園
풀벌레공원,a grasshopper park,草虫公園
풀잎공원,Grassland Park,草の葉公園
풍경공원,a scenic park,風景公園
풍년공원,a good harvest park,豊年公園
풍덕공원,Pungdeok Park,豊徳公園
풍덕천소공원,Pungdeokcheon Small Park,豊徳川小公園
풍뎅이공원,a beetle park,コガネムシ公園
피아노공원,Piano Park,ピアノ公園
피아노숲공원,Piano Forest Park,ピアノの森公園
필봉공원,Pilbong Park,筆峰公園
하나공원,Hana Park,ハナ公園
하남시청근린공원,Hanam City Hall Neighborhood Park,河南市役所近隣公園
하늘물공원,Sky Water Park,ハヌルムル公園
하늘별무리공원,Haneul Byeolmuri Park,ハヌルビョルムリ公園
하늘빛공원,Sky Light Park,ハヌルビッ公園
하늘소공원,Haneulso Park,ハヌルソ公園
하늘아리공원,Haneulari Park,ハヌルアリ公園
하늘자전거공원,Sky Bicycle Park,ハヌル自転車公園
하늘장미공원,Sky Rose Park,ハヌルバラ公園
하늬울공원,Hanniul Park,ハニウル公園
하리공원,Hari Park,下里公園
하상공원,Riverbed Park,河床公園
하얀마음공원,White Heart Park,白い心公園
하평공원,Hapyeong Park,河平公園
학곡리돌마들공원,Hakgok-ri Dolmadul Park,鶴谷里ドルマドゥル公園
학령산산림공원,Haknyeongsan Forest Park,鶴嶺山山林公園
학현근린공원,Hakhyeon Neighborhood Park,鶴峴近隣公園
한가람공원,Hangaram Park,ハンガラム公園
한강신도시 호수공원,Han River New Town Lake Park,漢江新都市湖公園
한들공원,Handeul Park,ハンドゥル公園
한뫼공원,Hanmoe Park,ハンメ公園
한빛공원,Hanbit Park,ハンビッ公園
한얼공원,Hanul Park,ハンオル公園
한우리공원,Hanuri Park,ハンウリ公園
한우물숲길공원,Han Well Forest Road Park,ハンウムル森ギル公園
해동공원,Haedong Park,海東公園
해미공원,Haemi Park,海美公園
해밀공원,Hamill Park,ハミル公園
해송공원,Haesong Park,海松公園
해오라기공원,Haeragi Park,サギ公園
해찬공원,Haechan Park,ヘチャン公園
해참공원,Haecham Park,海参公園
햇빛공원,Sunlight Park,日光公園
행복공원,Happiness Park,幸福公園
행신공원,Haengshin Park,幸信公園
향나무공원,juniper park,イブキ公園
향소리비솔마을장수공원,Hyangso-ri Bisol Village Jangsu Park,香蘇里ビソル村長寿公園
헤이리 예술마을통일동산달맞이동산공원,Heyri Art Village Unification Garden Dalmaji Garden Park,ヘイリ芸術村統一東山タルマジ東山公園
현곡근린공원,Hyeongok Neighborhood Park,玄谷近隣公園
현곡공원,Hyeongok Park,弦谷公園
현리성당,Hyeonri Cathedral,ヒョンリ聖堂
현진공원,Hyunjin Park,ヒョンジン公園
혜령공원,Hyeryeong Park,ヘリョン公園
호계근린공원,Hogye Neighborhood Park,虎渓近隣公園
장자호수공원,Jangja Lake Park,チャンジャ湖公園
호암근린공원,Hoam Neighborhood Park,湖岩近隣公園
호평동근린공원,Pyeongho-dong Neighborhood Park,好評洞近隣公園
홍익문화공원,Hongik Cultural Park,弘益文化公園
화랑놀이터공원,Hwarang Playground Park,花郎遊び場公園
화서공원,Hwaseo Park,華西公園
화서오거리공원,Hwaseo Five-way Intersection Park,華西五叉路公園
화성휴게소(목포방향)쉼터,Hwaseong Rest Area (Mokpo direction) Rest Area,華城サービスエリア(木浦方向)休憩所
화수공원,Hwasu Park,花水公園
화신공원,Hwasin Park,化身公園
황골공원,Hwanggol Park,ファンゴル公園
황금공원,Golden Park,黄金公園
황송근린공원,Hwangsong Neighborhood Park,黄松近隣公園
황포소공원,Hwangpo Small Park,黄浦小公園
회룡문화공원,Hoeryong Cultural Park,回龍文化公園
효성아파트공원,Hyosung Apartment Park,暁星アパート公園
효양공원,Hyoyang Park,孝陽公園
효자동쌈지공원,Hyoja-dong Ssamji Park,孝子洞サムジ公園
후곡공원,Hugok Park,後谷公園
후동공원,Fu Dong Park,不動公園
휴게공원,Resting park,休憩公園
흥덕중앙공원,Heungdeok Central Park,興徳中央公園
희망대공원,Hope Grand Park,希望台公園
희망인공습지,Hope Artificial Wetland,希望人工湿地
희망찬공원,a hopeful park,希望に満ちた公園
희성공원,Heesung Park,ヒソン公園
APEC나루공원,APEC Naru Park,APECナル公園
BMC와치공원,BMC Watch Park,BMC和知公園
UN조각공원,United Nations Sculpture Park,UN彫刻公園
가마실공원,Gamasil Park,ガマシル公園
가야성당,Gaya Cathedral,伽倻聖堂
강변둥지공원,Gangbyeon Nest Park,川辺東池公園
강변환경공원,Riverside Environmental Park,川辺環境公園
강송정공원,Gangsongjeong Park,江松亭公園
거미줄공원,spider web park,くもの巣公園
견우공원,Gyeonwoo Park,牽牛公園
곡상골공원,Goksanggol Park,谷上谷公園
과정공원,Course Park,課程公園
구기공원,a ball park,球技公園
구덕공원,Gudeok Park,九徳公園
구덕문화공원,Gudeok Cultural Park,九徳文化公園
구학공원,Guhak Park,九鶴公園
굿거리언덕공원,Gutgeori Hill Park,グッコリ丘公園
그린달님공원,Green Moon Nim Park,グリーンお月様公園
천주교금곡성당,Catholic Golden Valley Cathedral,カトリック金谷聖堂
금정공원,Geumjeong Park,金井公園
금정평안교,Geumjeong Pyeongan Bridge,金井平安橋
기비골공원,Gibigol Park,吉備谷公園
기쁜소식,good news,うれしい知らせ
꽃게공원,Blue Crab Park,ワタリガニ公園
꿈나래공원,Dream Narae Park,クムナレ公園
꿈마루공원,Dream Maru Park,クムマル公園
꿈에공원,Dream Park,夢に公園
나라공원,Nara Park,奈良公園
남산성당,Namsan Cathedral,南山聖堂
남산정공원,Namsanjeong Park,南山亭公園
널구지공원,Neolguji Park,板臼公園
노을정휴게소,Noeuljeong Rest Area,ノウルジョンサービスエリア
노적봉공원,Nojeokbong Park,露積峰公園
녹산고향동산,Noksan Hometown Garden,緑山ふるさとの園
녹음광장,a recording square,緑の広場
놀이마당공원,Amusement park,遊園地
느티나무쉼터,a zelkova shelter,ケヤキの憩いの場
천주교다대성당,Catholic polyhedrals,カトリック多大聖堂
다소미공원,Dasomi Park,田曽美公園
담안골근린공원,Damangol Neighborhood Park,ダムアンゴル近隣公園
당곡공원,Danggok Park,堂谷公園
대룡쌈지공원,Daeryong Ssamji Park,デリョンサムジ公園
대천공원,Daecheon Park,大川公園
덕내공원,Deoknae Park,徳内公園
덕천근린공원,Deokcheon Neighborhood Park,徳川近隣公園
동구래공원,Donggurae Park,東九来公園
동래성당,Dongrae Cathedral,東莱聖堂
동부근린공원 부산 기장군 기장읍,"Gijang-eup, Gijang-gun, Busan, Dongbu Neighborhood Park",東部近隣公園 釜山機張郡機張邑
동해공원,East Sea Park,東海公園
돛단배공원,a sailboat park,帆船公園
두실새싹공원,Dusil Saesak Park,トゥシルセサク公園
떡곡숲공원,Tteokgok Forest Park,餅谷森公園
명례공원,Myeongrye Park,明礼公園
명서공원,Myeongseo Park,明西公園
명장공원,Myeongjang Park,鳴蔵公園
명장소공원,Myeongjangso Park,鳴蔵小公園
명지1공원,Myeongji 1 Park,鳴旨1公園
명지성당,Myeongji Cathedral,明知聖堂
명지신도시성당,Myeongji New Town Cathedral,明知新都市聖堂
명진근린공원,Myeongjin Neighborhood Park,明進近隣公園
모라공원,Mora Park,モラ公園
모라어울림공원,Moraoulim Park,モラオウリム公園
모라틔움공원,Moratium Park,モラテウム公園
모전공원,Mojeon Park,茅田公園
무제등소공원,Muje Lighthouse Park,無提灯所公園
물너울근린공원,Mulneoul Neighborhood Park,ムルノウル近隣公園
물샘공원,Mulsaem Park,水泉公園
물소리공원,Water Sound Park,水音公園
미래공원,Future Park,未来公園
민락성당,Minrak Cathedral,民楽聖堂
바다내음공원,Ocean Smell Park,海の香り公園
반남도란공원,Namdo Park,バンナムドラン公園
반송공원,Bansong Park,盤松公園
배산공원,Baesan Park,背山公園
백두공원,Baekdu Park,白頭公園
백양가족공원,Baekyang Family Park,白羊家族公園
보듬공원,Botteum Park,ボドゥム公園
보람공원,Boram Park,ボラム公園
부산아시아드조각광장,Busan Asiad Sculpture Plaza,釜山アジアド彫刻広場
부산환경공단남부사업소공원,Busan Environmental Corporation Nambu Office Park,釜山環境公団南部事業所公園
사랑과 은혜가 풍성한,full of love and grace,愛と恩が豊かな
사상근린공원,Sasang Neighborhood Park,沙上近隣公園
사직놀이공원,Sajik Amusement Park,社稷遊園地
사직대건성당,Resignation Cathedral,社稷大建聖堂
산골공원,a mountain park,山里公園
산저공원,a mountain park,山底公園
삼덕성당,Samdeok Cathedral,三徳聖堂
새동내공원,Saedongnae Park,セドンネ公園
새소리공원,Bird Sound Park,鳥の鳴き声公園
색동공원,Saekdong Park,セクトン公園
서명공원,Signature Park,西明公園
소담공원 부산 강서구 신호동,"Sodam Park, Shinho-dong, Gangseo-gu, Busan",ソダム公園 釜山江西区新湖洞
소두방공원 부산 기장군 정관읍,"Sodubang Park, Jeonggwan-eup, Gijang-gun, Busan",ソドゥバン公園 釜山機張郡鼎冠邑
소정공원,Sojung Park,ソジョン公園
솔마루근린공원,Solmaru Neighborhood Park,ソルマル近隣公園
송도해수욕장100주년기념공원,Songdo Beach 100th Anniversary Park,松島海水浴場100周年記念公園
수림뜨락,a forest of trees,樹林トゥラク
수민어울공원,Sumin Eoul Park,スミンオウル公園
수영환경공원,Swimming Environment Park,水泳環境公園
수정근린공원,Sujeong Neighborhood Park,水晶近隣公園
숙등공원,Sukdeung Park,淑登公園
신덕공원,Sindeok Park,新徳公園
아시아드공원,Asiad Park,アジアド公園
안락꽃밭공원,An arm flower garden park,安楽花畑公園
안락꿈돌이공원,Amakgumdori Park,安楽クムドリ公園
야시곡공원,Yashigok Park,夜市谷公園
양정라이온스공원,Yangjeong Lions Park,楊亭ライオンズ公園
양지골쌈지공원,Yangjigol Ssamji Park,陽地谷サムジ公園
엄궁유수지 공원,Umgung Yusuji Park,厳宮遊水池公園
연봉공원,Yeonbong Park,連峰公園
열린공원,an open park,開かれた公園
을숙도공원,Eulsukdo Park,乙淑島公園
이기대자연마당,Igidae Nature Garden,二妓台自然広場
이바구공원,Ibagu Park,井波区公園
장림공원,Janglim Park,長林公園
장미원,a rose garden,バラ園
장밭갓공원,Jangbat God Park,チャンバッガッ公園
장안천가족휴게공원,Jangancheon Family Resting Park,長安川家族休憩公園
전포돌산공원,Jeonpo Dolsan Park,田浦突山公園
조내기고구마역사공원,"""Jongi Sweet Potato History Park""",チョネギ芋歴史公園
주례백양공원,Jurye Baekyang Park,周礼白楊公園
죽곡공원,Jukgok Park,竹谷公園
죽향공원,Jukhyang Park,竹香公園
증산공원,Jeungsan Park,甑山公園
직녀공원,Jiknyeo Park,織姫公園
창날공원,Changnal Park,チャンナル公園
창신공원,Changsin Park,昌信公園
천주교부산교구수정마을성당,Catholic Diocese of Busan Sujeong Village Cathedral,カトリック釜山教区水晶村聖堂
천주교양정성당,a Catholic church,カトリック洋正聖堂
초량성당,Choryang Cathedral,草梁聖堂
초연근린공원,Chodang Neighborhood Park,初演近隣公園
충효공원,Chunghyo Park,忠孝公園
태종대공원,Taejong Grand Park,太宗台公園
태종대성당,Taejong Cathedral,太宗大聖堂
통일무궁화공원,Unification Mugunghwa Park,統一ムグンファ公園
통일아시아드공원,Unification Asiad Park,統一アジアード公園
평화의미술정원,Art Garden of Peace,平和の美術庭園
푸른솔밭공원,Green Pine Field Park,青い松畑公園
풀소리공원,Pulsori Park,草ソリ公園
하강선대어울림공원,Descent Line Eoulim Park,下降線帯オウリム公園
함지공원,Hamji Park,咸池公園
해바람동산,a mountain of sea breeze,海風の園
화동공원,Hwadong Park,花洞公園
화명중앙공원,Hwamyeong Central Park,華明中央公園
화연공원,Hwayeon Park,花淵公園
화전공원,Hwajeon Park,花田公園
회동첨단공원,Hoedong Advanced Park,回東先端公園
100년달성뿌리광장,100 Years of Achievement Root Square,100年達成の根広場
갈뫼공원,Galmö Park,カルメ公園
갈밭소공원,Galbat Small Park,葛畑小公園
감삼공원,Gamsam Park,甘三公園
감삼소공원,Gamsamso Park,カムサムソ公園
경로어린이공원,Senior Citizens' Park,敬老子供公園
경운공원,Gyeongwoon Park,耕運公園
계골산공원,Gyegol Mountain Park,鶏骨山公園
곤충공원,Insect Park,昆虫公園
학산공원,Haksan Park,鶴山公園
평사공원,Pyeongsa Park,平沙公園
과학관공원,Science Museum Park,科学館公園
과학기술공원,Science and Technology Park,科学技術公園
구마공원,Kuma Park,球磨公園
그린웨이,Greenway,グリーンウェイ
금강예배당,the Geumgang Reservation Dividend,金剛礼拝堂
꿈터공원,Dream Site Park,クムト公園
내당공원,Naedang Park,内堂公園
달배공원,Dalbae Park,達背公園
달서공원,Dalseo Park,達西公園
당산목공원,Dangsan Wood Park,堂山木工院
대구선동촌공원,Daegu Seondongchon Park,大邱ソンドンチョン公園
대구선반야월공원,Daegu Shelf Yawol Park,大邱棚夜月公園
대구선아양공원,Daegu Sun-Ayang Park,大邱ソンアヤン公園
대구스타디움동편광장,Daegu Stadium East Plaza,大邱スタジアム東側広場
대덕성당,Daedeok Cathedral,大徳聖堂
대명공원,Daemyung Park,大明公園
대신공원,Daeshin Park,大新公園
대실근린공원,Daesil Neighborhood Park,大室近隣公園
대진공원,Daejin Park,テジン公園
도담한공원,a magnificent park,ドダムハン公園
동변공원,Dongbyeon Park,東辺公園
동서공원,East-West Park,東西公園
동천근린공원,Dongcheon Neighborhood Park,東川近隣公園
두류공원인물동산,Duryu Park Person Garden,頭流公園人物園
두산성당,Doosan Cathedral,斗山聖堂
들샘공원,Deulsaem Park,トゥルセム公園
마을마당공원,Village yard park,村のマダン公園
만유인력공원,universal gravitation park,万有引力公園
맑음소공원,Sunny Small Park,清めの小公園
매곡근린공원,Maegok Neighborhood Park,梅谷近隣公園
매천근린공원,Maecheon Neighborhood Park,梅川近隣公園
매호공원,Maeho Park,梅湖公園
매화공원,Maehwa Park,梅花公園
명덕공원,Myeongdeok Park,明徳公園
뫼비우스공원,Mobius Park,メビウス公園
반계근린공원,Bangye Neighborhood Park,盤渓近隣公園
백합공원,a lily Park,百合公園
범어공원,Beomeo Park,梵魚公園
보람소공원,Boram Small Park,ボラムソ公園
복현장미공원,Bokhyeon Rose Park,福峴バラ公園
봉덕성당,Bongdeok Cathedral,鳳徳聖堂
불로공원,Bullo Park,不老公園
불미골공원,Bulmigol Park,ブルミゴル公園
비슬공원,Biseul Park,琵瑟公園
비슬구천공원,Biseul Gucheon Park,琵瑟九川公園
사복노을공원,Sabok Noeul Park,蛇腹夕焼け公園
삼각지공원,Samgakji Park,三角地公園
삼익공원,Samik Park,三益公園
상리공원,Sangri Park,上里公園
상리새방골성당,Sangri Saebanggol Cathedral,サンリセバンゴル聖堂
새동네공원,Saedongne Park,セマウル公園
샛터근린공원,Saeteo Neighborhood Park,サッター近隣公園
서구그린웨이단풍원,Seo-gu Greenway Maple Garden,西区グリーンウェイ紅葉園
서구그린웨이문화원,Seo-gu Greenway Cultural Center,西区グリーンウェイ文化院
서구그린웨이배롱원,Seo-gu Greenway Balloon Garden,西区グリーンウェイベロンウォン
서구그린웨이향기원,Seo-gu Greenway Fragrance Center,西区グリーンウェイ香園
서변근린공원,West Border Neighborhood Park,西辺近隣公園
서산공원,Seosan Park,瑞山公園
서재성당,a church of study,書斎聖堂
선원공원,Seonwon Park,船員公園
성명공원,Myeongmyeong Park,聖名公園
성북성당,Seongbuk Cathedral,城北聖堂
성서아울렛공원,Seongseo Outlet Park,城西アウトレット公園
세천늪근린공원,Secheon Wetland Neighborhood Park,細川沼近隣公園
소화성당,a fire-fighting Cathedral,消化聖堂
송지공원,Songji Park,松池公園
송천공원,Songcheon Park,松川公園
신매공원,Shinmae Park,新梅公園
신서공원,New West Park,新西公園
신암공원,Sinam Park,新岩公園
신평공원,Sinpyeong Park,新平公園
아람공원,Aram Park,アラム公園
아폴로공원,Apollo Park,アポロ公園
앞산빨래터공원,Apsan Laundry Park,前山洗濯場公園
야시골공원,Yashigol Park,ヤシゴル公園
에코트리공원,Eco Tree Park,エコツリー公園
역후공원,Yeokhu Park,駅後公園
연경공원,Yeongyeong Park,延慶公園
오복공원,Obok Park,五福公園
오정공원,Ojeong Park,梧亭公園
옥녀공원,Oknyeo Park,玉女公園
옻골동산,Rakgol Garden,ウルコルの園
용산근린공원,Yongsan Neighborhood Park,龍山近隣公園
용산미로공원,Yongsan Maze Park,ヨンサンミロ公園
원대동제일공원,Wondae-dong Jeil Park,遠大洞第一公園
월곡근린공원,Wolgok Neighborhood Park,月谷近隣公園
월명공원,Wolmyeong Park,月明公園
월천공원,Wolcheon Park,月川公園
유곡공원,Yugok Park,幽谷公園
유림공원,Yurim Park,儒林公園
율하근린공원,Yulha Neighborhood Park,栗下近隣公園
이곡정자공원,Igok Jeongja Park,イゴクジョンジャ公園
이서공원,Iseo Park,伊西公園
이현공원,Lee Hyun Park,二玄公園
일신공원,Ilshin Park,日新公園
정대숲,Jeongdae Forest,静帯の森
조암구석기공원,Joam Mockgi Park,藻岩旧石器公園
지묘성당,Jimyo Cathedral,知妙聖堂
지산근린공원,Jisan Neighborhood Park,芝山近隣公園
진남공원,Jinnam Park,鎮南公園
진천공원,Jincheon Park,鎮川公園
칠성공원,Chilseong Park,七星公園
큰고개성당,Big Pass Cathedral,大峠聖堂
큰못공원,Big Pond Park,大きな池公園
태전공원,Taejeon Park,大田公園
파랑새공원,Bluebird Park,青い鳥公園
팔공산분수대광장,Palgongsan Fountain Square,八公山噴水台広場
팔달동소공원,Paldal-dong Small Park,八達洞小公園
포산공원,Fosan Park,浦山公園
풍차공원,Windmill Park,風車公園
피터팬공원,Peter Pan Park,ピーターパン公園
한강공원,Han River Park,漢江公園
한남공원,Hannam Park,漢南公園
사천만마당,Forty million yards.,4000万広場
사천성당,Sacheon Cathedral,泗川聖堂
사파공동성당,Zapa Cathedral,サパ共同聖堂
사파정옛터,Sapajeong Old Site,沙波亭旧跡
산단공원,Sandan Park,サンダン公園
산막근린공원,Sanmak Neighborhood Park,山小屋近隣公園
산정공원,Sanjeong Park,山頂公園
산청휴게소(통영방향)쉼터,Sancheong Rest Area (Tongyeong direction) Rest Area,山清サービスエリア(統営方向)休憩所
산청휴게소(하남방향)공원,Sancheong Rest Area (Hanam-direction) Park,山清サービスエリア(河南方向)公園
산호공원,Sanho Park,珊瑚公園
산호동성당,Sanho-dong Cathedral,珊瑚洞聖堂
삼동공원,Samdong Park,三洞公園
삼랑진성당,Samrangjin Cathedral,三浪津聖堂
삼부공원,Sambu Park,三部公園
삼성공원,Samsung Park,三成公園
삼풍대공원,Sampung Grand Park,三豊台公園
신기공원,Singi Park,新基公園
신리공원,Sinri Park,新里公園
신진주공원,Shinjinju Park,新進駐公園
아라공원,Ara Park,阿羅公園
아람치공원,Aramchi Park,アラムチ公園
아름마을광장,Arum Village Square,アルムマウル広場
아리골공원,Arigol Park,アリゴル公園
아양근린공원,Ayang Neighborhood Park,亜陽近隣公園
아이뜰공원,an eye garden park,アイトゥル公園
안청공원,Ancheong Park,安清公園
알로기공원,Allogi Park,アロギ公園
애기나리공원,Ainari Park,ヒメナリ公園
애기등공원,Baby Lantern Park,エギドゥン公園
양곡성당,a Western-style church,糧穀聖堂
양덕삼각지공원,Yangdeok Triangle Park,陽徳三角地公園
양산구두공원,Yangsan Shoes Park,梁山靴公園
양산시시청사공원,Yangsan City Hall Park,梁山市庁舎公園
양지암조각공원,Yangjiam Sculpture Park,陽地岩彫刻公園
양평공원,Yangpyeong Park,楊平公園
양항재생태습지원,Yanghang Recycled Pacific Wetland,揚港再生態湿地園
어곡주민공원,Eogok Community Park,魚谷住民公園
어리연공원,Eoriyeon Park,オリヨン公園
여우비공원,Yusubi Park,狐飛公園
여좌동성당,Yeojwa-dong Cathedral,ヨジャドン聖堂
옥포누리어울마당,Okponuri Eoulmadang,玉浦ヌリオウルマダン
온누리공원,Onnuri Park,オンヌリ公園
용지공원(용지문화공원),Yongji Park (Yongji Cultural Park),龍池公園(龍池文化公園)
용호공원,Yongho Park,龍湖公園
우암공원,Uam Park,牛岩公園
진주성공원,Jinju Castle Park,晋州城公園
차밭공원,a tea garden,茶畑公園
차황문화공원,Chahwang Cultural Park,チャファン文化公園
참나리공원,Chamnari Park,チャムナリ公園
참살이울공원,Chamsalul Park,チャムサリウル公園
참샘공원,Chamsam Park,チャムセム公園
창의뜰공원,Creative Garden Park,チャンウィトゥル公園
청널공원,Cheongnel Park,青野公園
청안공원,Cheongan Park,清安公園
청암공원,Cheongam Park,青岩公園
초계대공원,Chogye Grand Park,チョゲデ公園
초전공원,Chojeon Park,草田公園
춘추공원,Spring and Autumn Park,春秋公園
춘풍소광장,Spring Festival Square,春風小広場
충무근린공원,Chungmu Neighborhood Park,忠武近隣公園
칠천성당,Chilcheon Cathedral,七天聖堂
태삼원,the third generation of the third birthday,太三元
토성대성당,Saturn Cathedral,土星大聖堂
통영해양관광공원,Tongyeong Maritime Tourism Park,統営海洋観光公園
통창공원,Tongchang Park,通昌公園
판문천수변공원,Panmuncheon Waterfront Park,板門川水辺公園
팔각공원,Octagonal Park,八角公園
팔룡산돌탑입구공원,Palryongsan Stone Pagoda Entrance Park,八龍山石塔入口公園
팔복성전,the Eight Immortals,八福聖殿
팔용근린공원,Palyong Neighborhood Park,八龍近隣公園
평산음악공원,Pyeongsan Music Park,平山音楽公園
풍호공원,Pungho Park,風湖公園
하늬공원,Hanni Park,ハニ公園
하대중앙공원,Hadae Central Park,下台中央公園
하동독립공원,Hadong Independence Park,河東独立公園
하동포구공원,Hadong Port Park,河東浦口公園
하동호국공원,Hadong Hoguk Park,河東護国公園
하림공원,Harim Park,ハリム公園
하청성당,a subcontracted church,河原聖堂
학산예배소,Haksan Worship Center,鶴山礼拝所
한림공원,Hallim Park,翰林公園
한림면공원,Hallim-myeon Park,翰林面公園
한림성당,Hallim Cathedral,翰林聖堂
함박공원,Hamburg Park,ハンバーグ公園
함안호국공원,Haman Hoguk Park,咸安護国公園
함양성당 문정공소,Hamyang Cathedral Munjeonggongso,咸陽聖堂門精工所
함주공원,Hamju Park,咸州公園
합천성당,Hapcheon Cathedral,合川聖堂
해군교육사성당,Naval Education Cathedral,海軍教育使聖堂
해금공원,Haegeum Park,ヘグム公園
해맞이공원,Sunrise Park,日の出公園
현동근린공원,Hyeondong Neighborhood Park,ヒョンドン近隣公園
호계성당 수녀원,the convent of Hogye Cathedral,ホゲ聖堂修道院
호국공원,Hoguk Park,護国公園
홍익공원,Hongik Park,弘益公園
화촌공원,Hwachon Park,花村公園
활천공원,Hwalcheon Park,滑川公園
활천성당,an active church,滑天聖堂
흥부공원,Heungbu Park,興夫公園
가실성당,the Basil Cathedral,カシル聖堂
가암리휴식공원,Gaam-ri Resting Park,加岩里休息公園
가천성당,Gachon Cathedral,嘉泉聖堂
가흥근린공원,Gaheung Neighborhood Park,嘉興近隣公園
가흥안뜰공원,Gaheung Garden Park,嘉興中庭公園
갑정수질정화생태환경공원,Gapjeong Water Quality Purification Ecological Environment Park,甲井水質浄化生態環境公園
갓골공원,Gatgol Park,カッコル公園
강변조각공원,Gangbyeon Sculpture Park,川辺彫刻公園
개운동성당,Gaeungdong Cathedral,開運洞聖堂
개운동성당외남공소,Gaeun-dong Cathedral Oenam Laboratory,開運洞聖堂外南公所
건천성당,Geoncheon Cathedral,乾天聖堂
경산성당,Gyeongsan Cathedral,慶山聖堂
경천섬공원,Gyeongcheon Island Park,擎天島公園
계명성당,Keimyung Cathedral,啓明聖堂
고요전원마을공원,Go Yo Country Village Park,古陽田園村公園
고운하늘공원,Goun Sky Park,コウンハヌル公園
고천원공원,Gocheonwon Park,古泉院公園
공원해파랑,Park sea blue.,公園ヘパラン
과곡예배당,Overgrain Prevention Dividend,過穀礼拝堂
관동공원,Kwandong Park,関東公園
괴정공원,Goejeong Park,槐亭公園
구담성당,Gudam Cathedral,亀潭聖堂
구미역광장,Gumi Station Plaza,亀尾駅広場
구봉공원,Gubong Park,九峰公園
구진벌공원,Gujinbeol Park,九進伐公園
구평공원,Gupyeong Park,九坪公園
군위휴게소(춘천방향)쉼터,Gunwi Rest Area (Chuncheon direction) Rest Area,軍威サービスエリア(春川方向)休憩所
군평보희망공원,Gunpyeongbo Hope Park,軍平堡希望公園
백천공원,Baekcheon Park,白川公園
대구대학교비호동산,Daegu University Biho Garden,大邱大学校ビホドンサン
서천둔치,Seocheon Dunchi,西川のほとり
근린공원놀이터,Neighborhood Park Playground,近隣公園遊び場
금수문화공원,Geumsu Cultural Park,錦繍文化公園
금정소공원,Geumjeongso Park,金井小公園
김응태추모공원,Kim Eung-tae Memorial Park,キム·ウンテ追慕公園
김천시덕산재근린공원,Gimcheon-si Deoksanjae Neighborhood Park,金泉市徳山斎近隣公園
김천휴게소(서울방향)쉼터,Gimcheon Rest Area (Heading to Seoul) Rest Area,金泉サービスエリア(ソウル方向)休憩所
나루터공원,Naruter Park,渡し場公園
낙양녹색쌈지공원,Nakyang Green Ssamji Park,洛陽グリーンサムジ公園
남매근린공원,Siblings Neighborhood Park,兄妹近隣公園
남통공원,Namtong Park,南通公園
내사모공원,Naesajo Park,内思慕公園
농암성당,Nongam Cathedral,農岩聖堂
누리공원,Nuri Park,ヌリ公園
다봉공원,Dabong Park,多峰公園
다산성당,Dasan Cathedral,茶山聖堂
답곡쑤쉼터,Dapgoksu Rest Area,踏谷スキムジ
대도공원,Daedo Park,大道公園
대릉원경주시사적공원,Daereungwon Gyeongju Historic Park,大陵苑慶州市史跡公園
미리내천주성삼성직수도회,Pre-Naejuseong Samseong Jikjido Association,ミリネ天主聖三聖職修道会
바르게살기공원,Living Right Park,正しく生きる公園
반쟁이공원,Banjaengi Park,バンジェンイ公園
백산공원,Baeksan Park,白山公園
범우리공원,Beomuri Park,ボムウリ公園
벚꽃공원,Cherry Blossom Park,桜公園
보현산댐공원,Bohyeonsan Dam Park,普賢山ダム公園
봄내쉼터,a spring shelter,春の憩いの場
봉수대공원,Beacon Fire Park,烽燧台公園
부연공원,Buyeon Park,釜淵公園
북삼인평근린공원,North Saminpyeong Neighborhood Park,北三仁平近隣公園
불의정원,Garden of Fire,火の庭
사곡역공원,Sagok Station Park,沙谷駅公園
사동성당,Sadong Cathedral,沙洞聖堂
사무엘동산,Samuel Hill,サミュエルの園
사미리고인돌공원,Samiri Goindol Park,サミリ支石墓公園
사색마당,a contemplative garden,思索の庭
사인암소공원,Sain Rock Park,舎人岩沼公園
산내들공원,Sannadeul Park,サンネドゥル公園
산동물빛공원,Mountain Animal Light Park,山東ムルビッ公園
산림생태문화공원,Forest Ecology and Culture Park,山林生態文化公園
산제리정나눔터,Sanjerijeong Sharing Center,サンジェリージョン分かち合いの場
삼거리공원,a three-way park,三叉路公園
삼백공원,Sambaek Park,三百公園
삼의리소공원,Samui Riso Park,三義里小公園
상동휴식공원,Sangdong Resting Park,上洞休息公園
상록공원,evergreen park,常緑公園
상모공원,Sangmo Park,サンモ公園
상주가르멜여자수도원,Sangju Carmel Women's Monastery,尚州ギャルメル女子修道院
서문동성당,Seomun-dong Cathedral,西門洞聖堂
선린수양관,Seonyin Water Treatment Works,善隣修養管
선산휴게소(마산방향)쉼터,Seonsan Rest Area (Masan direction) Rest Area,善山サービスエリア(馬山方向)休憩所
설말나리동산,Seolmalnari Garden,ソルマルナリの園
성건성당,St. John's Cathedral,聖建聖堂
성요셉치유마을,St. Joseph's Healing Village,聖ヨセフ治癒村
성유대철성당,St. Jude's Iron Cathedral,聖ユ大鉄聖堂
성유성당,St. John's Cathedral,聖ユ聖堂
소롯골공원,Sorotgol Park,ソロッコル公園
소헌공원,Soheon Park,小軒公園
송리공원,Songli Park,松里公園
송천예배당,Songcheon Worship Dividend,松川礼拝堂
숭혜전 동편소공원,Sunghyejeon East Pyeonso Park,崇恵殿東側小公園
숭혜전공원,Sunghyejeon Park,崇恵殿公園
슬로라이프체험공원,Slow Life Experience Park,スローライフ体験公園
시무실공원,Simusil Park,時務室公園
시비공원,a city park,詩碑公園
시원쉼터,a cool shelter,涼しい憩いの場
시조공원,Sijo Park,始祖公園
신기동성당,Singi-dong Cathedral,新基洞聖堂
신기동성당 수녀원,the convent of Shingidong Cathedral,新基洞聖堂修道院
신동성당,Shindong Cathedral,神童聖堂
신산성당,Sinsan Cathedral,シンサン聖堂
신흥성당,Shinheung Cathedral,新興聖堂
싸리골공원,Sarigol Park,サリゴル公園
아이러브공원,I Love Park,アイラブ公園
아침도시공원,Morning City Park,朝の都市公園
아포택지1호 공원,Apo Housing Site No. 1 Park,牙浦宅地1号公園
안동낙동공원,Andong Nakdong Park,安東洛東公園
애린공원,Aerin Park,愛隣公園
야생화단지(기념식수공원),Wildflower Park (Commemorative Aquatic Park),野生花団地(記念植樹公園)
약목성당,Yakmok Cathedral,若木聖堂
약초동산,a herb garden,薬草園
양촌쉼터,a shelter in Yangchon Rest Area,養村憩いの場
양포항복합공원,Yangpo Port Complex Park,楊浦港複合公園
어슬렁대추정원,a loitering agent,ウロキョロ推定員
연일근린공원,a neighborhood park every day,延日近隣公園
영덕군민공원,Yeongdeok County Park,盈徳郡民公園
영산수련원,Yeongsan Training Center,霊山修練院
영양호국공원,Yeongyang Hoguk Park,英陽護国公園
영천본당고경성당,Yeongcheon Bondang Gogyeong Cathedral,永川本堂古京聖堂
영천성당자천공소,Yeongcheon Cathedral Self-Construction Center,永川聖堂自薦公所
영천은목관,Yeongcheon Silver Wooden Museum,永川銀木館
예천성당,Yecheon Cathedral,醴泉聖堂
오누이공원,brother and sister park,兄妹公園
오봉공원,Obong Park,五峰公園
오일도시공원,Oil City Park,オイル都市公園
옥계성당,Okgye Cathedral,玉渓聖堂
옥계솟대공원,Okgye Sotdae Park,玉渓ソッテ公園
옥산근린공원,Oksan Neighborhood Park,玉山近隣公園
옥야소공원,Okyaso Park,玉野小公園
와촌휴게소(포항방향)쉼터,Wachon Rest Area (Pohang direction) Rest Area,ワチョンサービスエリア(浦項方向)休憩所
완산근린공원,Wansan Neighborhood Park,完山近隣公園
완전공원 구미 선산읍,"Seonsan-eup, Gumi, Complete Park",完全公園亀尾善山邑
왕산역사공원,Wangsan Historical Park,王山歴史公園
왜관삼청성당,Waegwan Samcheong Cathedral,倭館三清聖堂
왜관성베네딕도수도원,Dwarf Benedictine Abbey,倭館性ベネディクト修道院
왜관소공원,Waegwanso Park,倭館小公園
외골공원,Oegol Park,外骨公園
용머리공원,Yongmeori Park,ヨンモリ公園
용배공원,Yongbae Park,ヨンベ公園
용봉성당,Yongbong Cathedral,龍鳳聖堂
용화정공원,Yonghwajeong Park,ヨンファジョン公園
우곡공원,Ugok Park,牛谷公園
우구치쉼터공원,Uguchi Shelter Park,鵜口憩いの場公園
우륵공원,Ureuk Park,于勒公園
우륵문화마당근린공원,Ureuk Culture Garden Neighborhood Park,于勒文化広場近隣公園
웅부공원,Ungbu Park,雄武公園
원리쉼터,Principle shelter,原理憩いの場
원평공원,Wonpyeong Park,遠平公園
원평성당,Wonpyeong Cathedral,元平聖堂
원호근린공원,Wonho Neighborhood Park,元湖近隣公園
월영공원,Wolyeong Park,月影公園
유다리공원,Yudari Park,ユダリ公園
은호공원,Eunho Park,銀湖公園
읍실소공원,Eupsilso Park,邑実小公園
의성성당,Uiseong Cathedral,義城聖堂
인동성당,Indong Cathedral,インドン聖堂
인동중앙공원,Indong Central Park,仁東中央公園
임당근린공원,Imdang Neighborhood Park,任堂近隣公園
자산공원,Jasan Park,紫山公園
자웅암테마공원,Jaungam Theme Park,紫熊岩テーマ公園
자천성당,Jachon Cathedral,紫天聖堂
장성근린공원,Jangseong Neighborhood Park,長城近隣公園
점촌동성당동로공소,Jeomchon-dong Cathedral Community Laboratory,店村洞聖堂洞路工所
정상택지근린공원,Jeongsang Housing Site Park,定常宅地近隣公園
제일공원,Jeil Park,第一公園
조양공원,Choyang Park,朝陽公園
좌학근린공원,Jwahak Neighborhood Park,左鶴近隣公園
주남공원,Junam Park,周南公園
죽도공원,Jukdo Park,竹島公園
죽도성당,Jukdo Cathedral,竹島聖堂
지곡다공원,Jigokda Park,芝谷田公園
지구촌어머니사랑동산,Global Mothers' Love Garden,地球村の母の愛の園
지좌성당,Jijwa Cathedral,地座聖堂
진량근린공원,Jinryang Neighborhood Park,津良近隣公園
진량성당,Jinryang Cathedral,真良聖堂
찰밭공원,Chalbat Park,チャルバッ公園
참빛공원,Chambit Park,チャムビッ公園
창포메트로시티 소공원,Changpo Metro City Small Park,菖蒲メトロシティ小公園
천주교 사벌퇴강성당,a Catholic retreat,カトリック司伐退講聖堂
천주교대구대교구선남성당,"Seonnam Cathedral, Archdiocese of Daegu",カトリック大邱大司教区善南聖堂
천주교대구대교구초전성당,Catholic Archdiocese of Daegu Metropolitan City,カトリック大邱大司教区草田聖堂
천주교대구대교구한티순교성지,"Daegu Catholic Archdiocese, Holy Land of Martyrs of Hanti",カトリック大邱大司教区ハンティ殉教聖地
천주교대구대교구화산공소,Catholic Archdiocese of Daegu Volcano,カトリック大邱大司教区火山工所
천주교부석공소,the Catholic Priory,カトリック浮石工所
천주교신광공소,the Catholic New Mill,カトリック神鉱工所
천주교쌍용공소,the Catholic Bilateral Offices,カトリック双龍工所
천주교안동교구영양성당,Antelope Cathedral of the Catholic Diocese of Andong,カトリック安東教区英陽聖堂
천주교우곡성지,Catholic Ugok Sanctuary,カトリック牛谷聖地
천지갑산공원,Cheonji Gapsan Park,天地甲山公園
청도청동기유적공원,Cheongdo Bronze Age Historic Park,清道青銅器遺跡公園
청류공원,Cheongryu Park,清流公園
청리성당,Cheongri Cathedral,清里聖堂
청송양수소공원,Cheongsong Pumping Station Park,青松揚水所公園
초록공원,Green Park,緑の公園
추풍령휴게소(부산방향)공원,Chupungnyeong Rest Area (Busan direction) Park,秋風嶺サービスエリア(釜山方向)公園
추풍령휴게소(서울방향)공원,Chupungnyeong Rest Area (Heading to Seoul) Park,秋風嶺サービスエリア(ソウル方向)公園
칠극성당,Chilgeuk Cathedral,七極聖堂
태화동성당,Taehwa-dong Cathedral,太和洞聖堂
택전리향토공원,Taekjeon-ri Local Park,沢田里郷土公園
토골공원,Togol Park,土骨公園
팔공산송림공원,Palgongsan Pine Forest Park,八公山松林公園
팔성예배당,Eight Star Worship Dividends,八星礼拝堂
평성공원,Pyeongseong Park,平城公園
하망동성당,Hamangdong Cathedral,下望洞聖堂
하무쉼터,Hamu Rest Area,ハムシェルター
하서해안공원,Haseo Coastal Park,下西海岸公園
하아그린파크,Haa Green Park,ハアグリーンパーク
하얀꽃공원,White Flower Park,白い花公園
하양성당,Hayang Cathedral,ハヤン聖堂
하이테크공원,a high-tech park,ハイテク公園
학산근린공원,Haksan Neighborhood Park,鶴山近隣公園
한들쉼터,Handel Rest Area,ハンドゥル憩いの場
해마루공원,Haemaru Park,ヘマル公園
해평성당,Haepyeong Cathedral,海平聖堂
햇살근린공원,Sunlight Neighborhood Park,日差し近隣公園
호국동산,National Garden,護国の園
홀론공원,Holon Park,ホロン公園
홍유한고택지,Hongyu Han High School Site,ホンユハン古宅地
화령성당,Hwaryeong Cathedral,華寧聖堂
화령성당화북공소,Hwaryeong Cathedral Hwabuk Workshop,華寧聖堂華北公所
화서휴게소(상주방향)공원,Hwaseo Rest Area (Sangju direction) Park,華西サービスエリア(尚州方向)公園
황성공원,Hwangseong Park,皇城公園
횃불영성수련원,Torch Spiritual Training Center,松明星修練院
회상나루관광지,Tourist attractions of the old-fashioned way of looking at the old-fashioned way.,回想ナル観光地
후토스동산,Futos Garden,フトースの園
휴천동성당,Hucheondong Cathedral,ヒュチョンドン聖堂
흥무공원,Heungmu Park,興武公園
가시나무공원,Thorn Tree Park,いばら公園
가재돌공원,Crawfish Stone Park,ザリガニ石公園
갈밭공원,Galbat Park,葛畑公園
감골공원,Gamgol Park,甘骨公園
감나무공원,Persimmon Tree Park,柿の木公園
개미공원,an ant park,蟻公園
거마공원,Geoma Park,巨摩公園
겨루공원,Competition Park,ギョル公園
계변공원,Gyebyeon Park,渓辺公園
공명선거공원,Gongmyeong Election Park,公明選挙公園
구영공원,Guyeong Park,旧営公園
구영리선사마을공원,Guyeongseonsa Village Park,九霊仙寺村公園
굴화강변그린빌공원,Greenville Park along the Gulhwagang River,屈花江辺グリーンビル公園
궁거랑공원,Gunggeorang Park,グンゴラン公園
금강공원,Geumgang Park,金剛公園
꽃나루공원,Kkotnaru Park,コッナル公園
꽃반등공원,Flower Lantern Park,花半登公園
남목성당,Nammok Cathedral,ナムモク聖堂
남산근린공원,Namsan Neighborhood Park,南山近隣公園
남외공원,Southern Outer Park,南外公園
냉천유적공원,Naengcheon Historic Park,冷泉遺跡公園
누리에공원,Nurie Park,ぬりえ公園
다벗공원,Dabot Park,ダボット公園
다전생태공원,Dajeon Ecological Park,多田生態公園
대암공원,Daeam Park,大岩公園
대청공원,Daecheong Park,大清公園
댄밖공원,Dan Ou Park,ダンウェ公園
덕신소공원,Deokshin Small Park,徳新小公園
도산골공원,Dosangol Park,島山谷公園
도손공원,Dawson Park,ドソン公園
도호소공원,Tohoso Park,東細公園
동그라미공원,Circle Park,丸公園
둠뫼공원,Doommoe Park,ドゥームメ公園
뒷산공원,a mountain park,裏山公園
갤러리 더 네이처,Gallery the Nature,ギャラリー·ザ·ネイチャー
마단공원,Madan Park,馬単公園
마리공원,Mari Park,マリー公園
매곡소공원,Maegok Small Park,梅谷小公園
명난공원,Myeongnan Park,明南公園
명촌근린공원,Myeongchon Neighborhood Park,明村近隣公園
목장공원,Ranch Park,牧場公園
못안근린공원,Motan Neighborhood Park,池安近隣公園
무둔실공원,Mudunsil Park,ムドゥンシル公園
문재공원,Munjae Park,文才公園
바드래공원,Badra Park,バドラ公園
바라미공원,Barami Park,バラミ公園
박상진의사송정역사공원,Park Sang-jin's Songjeong History Park,パク·サンジン義士松亭歴史公園
방기공원,Banggi Park,バンギ公園
번덕공원,Beondeok Park,繁徳公園
범서성당,Beomseo Cathedral,梵西聖堂
병영성당,a barracks church,兵営聖堂
보예공원,Boye Park,宝芸公園
봇골공원,Botgol Park,ボッコル公園
부평공원,Bupyeong Park,富平公園
비단공원,Silk Park,絹の公園
산방등대공원,Sanbang Lighthouse Park,山房灯台公園
산성공원,Sanseong Park,山城公園
산하해안소공원,Sanha Coastal Small Park,山河海岸小公園
산학공원,an industry-academic park,産学公園
상방공원,Upper Park,上方公園
상평공원,Sangpyeong Park,上平公園
새일내공원,New Year's Park,セイルネ公園
서남공원,Southwest Park,西南公園
서덕출공원,Seodeokchul Park,西徳出公園
서동공원,Seodong Park,西洞公園
성암근린공원,Seongam Neighborhood Park,聖岩近隣公園
세이골공원,Seigol Park,聖骨公園
소바우공원,Sobau Park,ソバウ公園
손골공원,Songol Park,ソンゴル公園
솔개공원,Solgae Park,とんび公園
솔숲공원,Pine Forest Park,松林公園
송학공원,Songhak Park,松鶴公園
쇠터공원,Soeot Park,セッター公園
수암공원,Suam Park,水岩公園
숲거랑공원,Forest Gutter Park,森居廊公園
숲뒤뜰공원,Forest backyard park,森の裏庭公園
신경마을도시숲공원,Sinyeong Village Urban Forest Park,新京村都市の森公園
신복소공원,Sinbokso Park,新福沼公園
신선소공원,Sinseonso Park,神仙沼公園
신온공원,Sinon Park,新温公園
안심절공공원,Ansimjeol Public Garden,安心切工員
어울공원,Eoul Park,オウル公園
언양성당,Eonyang Cathedral,彦陽聖堂
오뚜기공원,Ottogi Park,オットゥギ公園
오치골공원,Ochigol Park,オチゴル公園
옥류공원,Okryu Park,玉流公園
옥신소공원,Oxinso Park,玉新沼公園
옹기공원,Onggi Park,甕器公園
와와공원,Wawa Park,和和公園
우정성당,Friendship Cathedral,友情聖堂
운곡공원,Ungok Park,雲谷公園
울산당사해양낚시공원,Ulsan Headquarters Marine Fishing Park,蔚山当社海洋釣り公園
울산물내음공원,Ulsan Smell Park,蔚山産の香り公園
움골공원,Umbrella Park,穴骨公園
은비공원,Eunbi Park,ウンビ公園
은월공원,Eunwol Park,銀月公園
인보성당,Inbo Cathedral,仁保聖堂
입암옹담공원,Ipam Ongdam Park,立岩甕潭公園
자두공원,Plum Park,スモモ公園
장검공원,Janggeom Park,長剣公園
장암공원,Jangam Park,長岩公園
장현공원,Janghyeon Park,チャンヒョン公園
쟁골공원,Jeunggol Park,争骨公園
정광공원,Jeonggwang Park,浄光公園
정다운공원,Jungdeun Park,静ダウン公園
정지말공원,Jeongjimal Park,ジョンジマル公園
주개네공원,Jugane Park,ジュゲネ公園
진등공원,Jindong Park,真登公園
진하든솔공원,Jinharden Sol Park,チンハーデンソル公園
천곡뜰공원,Cheongok Garden Park,千曲庭公園
천주교무거성당,a Catholic church,カトリック無巨聖堂
천주교부산교구방어진성당,"Catholic Diocese of Busan, Bangeojin Cathedral",カトリック釜山教区防御陣聖堂
천주교부산교구염포성당,Catholic Diocese of Busan Yeompo Cathedral,カトリック釜山教区塩浦聖堂
청조공원,Cheongjo Park,清朝公園
초록빛공원,Green light park,緑の公園
쿵구공원,Kunggu Park,クング公園
큰골공원,Big Valley Park,クンゴル公園
태화강국가정원,Taehwa River National Garden,太和江国家庭園
태화강둔치,the depth of the Taehwa River,太和江のほとり
태화근린공원,Taehwa Neighborhood Park,太和近隣公園
태화불고기단지홍보공원,Taehwa Bulgogi Complex Promotion Park,太和プルコギ団地広報公園
편백특화공원,Cypress Special Park,ヒノキ特化公園
하늘마루공원,Haneulmaru Park,ハヌルマル公園
한결공원,Hangyeol Park,ハンギョル公園
해늘공원,Haenal Park,ヘヌル公園
화봉성당,Hwabong Cathedral,ファボン聖堂
화암추공원,Hwaamchu Park,花岩秋公園
화정공원,Hwajeong Park,花井公園
후릉공원,Hureung Park,古陵公園
ESF 목포지구,ESF Mokpo District,ESF木浦地区
가르멜수도원,Carmel Monastery,ガルメル修道院
가장골공원,Choijigol Park,仮装谷公園
가톨릭목포성지,Catholic Mokpo Holy Land,カトリック木浦聖地
갈릴리동산,Garden of Galilee,ガリラヤの園
갈마산공원,Mount Galma Park,葛馬山公園
경동성당,Gyeongdong Cathedral,京東聖堂
고당성당,Godang Cathedral,古堂聖堂
고막소공원,Eardom Small Park,鼓膜小公園
고문준경전도사순교기념사업회본부,Senior Civil Servant Correctional Services Headquarters,高文俊慶伝道師殉教記念事業会本部
고바우상록공원,Kobau Sangnok Park,コバウ常緑公園
고산윤선도문학체험공원,Gosan Yunseondo Literature Experience Park,高山潤仙島文学体験公園
고흥만방조제공원,Goheung Bay Seawall Park,高興湾防潮堤公園
고흥지구남해안관광사업개발공원,South Coast Tourism Development Park in Goheung District,高興地区南海岸観光事業開発公園
곡성기차마을휴게소(논산방향)공원,Gokseong Train Village Service Area (Nonsan direction) Park,谷城汽車村サービスエリア(論山方向)公園
곡성청산평생교육원총회신학수양관,Gokseong Cheongsan Lifelong Education Center General Assembly Theological Training Center,谷城青山生涯教育院総会神学修養館
광양성당,Gwangyang Cathedral,光陽聖堂
구례성당,Gurye Cathedral,求礼聖堂
군서성당,Gunseo Cathedral,郡西聖堂
나주역전근린공원,Naju Station Neighborhood Park,羅州駅前近隣公園
해남공원,Haenam Park,海南公園
금당성당,Geumdang Cathedral,金堂聖堂
금암성당,Geumam Cathedral,金岩聖堂
금의동산 고흥 금산면,Geumui Dongsan Goheung Geumsan-myeon,錦衣東山高興錦山面
금의시비공원,Geumui City Park,錦糸碑公園
금천성당,Geumcheon Cathedral,衿川聖堂
김대중광장,Kim Dae-jung Square,金大中広場
김환기공원,Kim Whanki Park,キム·ファンギ公園
까리따스수녀회,The Caritas Ladies' Association,カリタス修道女会
달리 그리스도의,of Dali Christ.,他にキリストの
달목공원,Dalmok Park,達木公園
달산수원지,Dalsan Water Source Site,達山水源地
담양군백진공원,Baekjin Park in Damyang County,潭陽郡白津公園
당목당숲공원,Dangmokdang Forest Park,ダンモクダン森公園
대석공원,Daeseok Park,大石公園
대성공원,Daesung Park,大成公園
대성동성당관할대리공소,Daeseong-dong Cathedral Office of the Government,大成洞聖堂管轄代理公所
대월쉼터,Daewol Shelter,大月憩いの場
대율성당,Daeyul Cathedral,大栗聖堂
대치미공원,Daechimi Park,大峙尾公園
대치성당,Daechi Cathedral,大峙聖堂
도서관공원,a library park,図書館公園
도암쉼터,Doam Rest Area,ドアム憩いの場
독산쉼터,Doksan Rest Area,禿山憩いの場
돌산근린공원,Dolsan Neighborhood Park,突山近隣公園
동강성당,Donggang Cathedral,東江聖堂
동곡마을공원,Donggok Village Park,東谷村公園
동동공원,Dongdong Park,ドンドン公園
동목포근린공원,Dongmokpo Neighborhood Park,東木浦近隣公園
동성사이공원,Dongsung Social Park,トンソンサイ公園
동율소공원,Dongyulso Park,ドンユルソ公園
두물머리공원,Dumulmeori Park,トゥムルモリ公園
둥근공원,a round park,丸い公園
들머리동산,Wildmeori Garden,野頭の園
라이온스동산,the Lion's Garden,ライオンズの園
록산기업공원,Roxan Enterprise Park,ロクサン企業公園
만연산지구산림공원,Manyeonsan District Forest Park,万淵山地区山林公園
망향각공원,Manghyanggak Park,望郷閣公園
망향공원,Manghyang Park,望郷公園
매자리공원,Maesari Park,鷹座公園
매천역사공원,Maecheon History Park,梅川歴史公園
명당공원,Myeongdang Park,明堂公園
목포역광장,Mokpo Station Plaza,木浦駅広場
목포현충공원,Mokpo Memorial Park,木浦顕忠公園
무안성당,Muan Cathedral,務安聖堂
문화광장,Culture Plaza,文化広場
물터공원,Waterfront Park,水場公園
미평동성당,Mipyeong-dong Cathedral,美平洞聖堂
반월소공원,Banwolso Park,半月小公園
발산소공원,Balsan Small Park,鉢山小公園
배드리공원,Badri Park,バッドリー公園
백곡소공원,Baekgok Small Park,栢谷小公園
백동무궁화동산,Baekdong Mugunghwa Garden,ペットンムグンファドンサン
백수해안공원,Baeksu Coastal Park,白水海岸公園
백학공원,Baekhak Park,白鶴公園
버드아일랜드광장,Bird Island Square,バードアイランド広場
벧엘수양관,Bethel Training Center,ベテル受養管
보성브니엘수양관,Bosung-Beniel Training Center,ポソンブニエル修養管
생태문화공원,Ecological and Cultural Park,生態文化公園
서교동성당 거문도공소,Geomundo Works of Seogyo-dong Cathedral,西橋洞聖堂巨文島工所
서암산수양관,Seoamsan Water Treatment Works,西岩山修養館
석문공원,Seokmun Park,石門公園
석문본당외남성전,Oe Namseongjeon Hall of Seokmunbondang,石門本堂外南城殿
석장승공원,Seokjangseung Park,ソクジャンスン公園
석현근린공원,Seokhyeon Neighborhood Park,石峴近隣公園
선원뜨레공원,Seonwon Teare Park,船員トレ公園
섬진강장미공원,Seomjingang Rose Park,蟾津江バラ公園
섬진강휴게소(부산방향)쉼터,Seomjingang Service Area (Busan direction) Rest Area,蟾津江サービスエリア(釜山方向)休憩所
성 베네딕도회 화순 수도원,St. Benedictine Monastery of Hwasun,聖ベネディクト会和順修道院
성령불수양관,the Immaculate Conception of the Holy Spirit,聖霊仏修養官
성산공원,Seongsan Park,城山公園
성유진길성당,St. Eugene's Cathedral,聖ユージンギル聖堂
성진성당,St. John's Cathedral,聖津聖堂
성황공원,Seonghwang Park,城隍公園
세계모란공원,World Peony Park,世界牡丹公園
소랏공원,Sorat Park,空の公園
소록도중앙공원,Sorokdo Central Park,小鹿島中央公園
소원동산,Wish Garden,願いの園
소호동성당,Soho-dong Cathedral,蘇湖洞聖堂
손양원목사유적공원,Pastor Son Yang-won Historic Park,孫養源牧師遺跡公園
솔무등공원,Solmudeung Park,ソルムドゥン公園
송림웰빙공원,Songlim Wellbeing Park,松林ウェルビーイング公園
수매골공원,Sumaegol Park,スメゴル公園
순교자공원,Martyrs' Park,殉教者公園
숲먹거리정원,Forest food garden,森の食の庭
숲쟁이꽃동산,Foresters Flower Garden,森の花園
시무골공원,Shimugol Park,シムゴル公園
신지성당,Shinji Cathedral,シンジ聖堂
신지항일운동기념공원,Shinji Anti-Japanese Movement Memorial Park,新地抗日運動記念公園
신풍공원,Sinpung Park,新豊公園
신흥공원,Shinheung Park,新興公園
심천공원,Shenzhen Park,深川公園
심청효심의동산,the Garden of Simcheong and Hyoshim.,沈清孝心の園
십일시소공원,Sibilso Park,十日市小公園
안양성당,Anyang Cathedral,安養聖堂
압록공원,Yalu Park,鴨緑公園
어민동산,Fishermen's Garden,漁民の園
여문공원,Yeomun Park,余文公園
여수시영락공원,Yeongrak Park in Yeosu-si,麗水市永楽公園
여수장도근린공원,Yeosu Jangdo Neighborhood Park,麗水長島近隣公園
여수해양공원,Yeosu Marine Park,麗水海洋公園
역전공원,Yeokjeon Park,駅前公園
연등공원,Lantern Park,提灯公園
연향동성당,Yeonhyang-dong Cathedral,延香洞聖堂
연화공원,Yeonhwa Park,蓮花公園
연화동소공원,Yeonhwa-dong Small Park,蓮花洞小公園
영광성당영민공소,Young Min's Office of Yeonggwang Cathedral,霊光聖堂ヨンミン公所
영광수양관,the Glory Cultivation Hall,霊光修養館
영보성당,Youngbo Cathedral,霊宝聖堂
영산강문화공원,Yeongsangang Cultural Park,栄山江文化公園
영암성당도포공소,Yeongam Cathedral Painting Center,霊岩聖堂塗布工所
영암천주교시종공소,Yeongam Catholic Municipal Corporation,霊岩カトリック侍従公所
영운공원,Yeongun Park,霊雲公園
예뜨랑선교타운,Yetrang Mission Town,イェトゥラン宣教タウン
예양공원,Yeyang Park,礼陽公園
오림녹색쌈지숲,Orim Green Ssamzie Forest,オリムグリーン包みの森
오소재쉼터,a five-material shelter,汚素材シェルター
옥곡면민광장,Okgok-myeon People's Square,玉谷面民広場
옥암동성당,Okam-dong Cathedral,玉岩洞聖堂
온금근린공원,Ongeum Neighborhood Park,温金近隣公園
옹기터공원,Onggi Site Park,甕器場公園
와온공원,Waon Park,ワオン公園
와이즈멘동산,Wise Men Garden,ワイズメンの園
완도성당,Wando Cathedral,莞島聖堂
왕무덤재쉼터공원,Wangmudomjae Shelter Park,ワンムダムジェ憩いの場公園
왕심천공원,Wangsimcheon Park,王心川公園
왕운공원,Wangun Park,往雲公園
용당천주교수녀원 수녀원,Convent of the Catholic Nunnery of Yongdang,ヨンダンカトリック修道院修道女院
우산근린공원,Umbrella Neighborhood Park,牛山近隣公園
우수영성당,Usuyeong Cathedral,ウスヨン聖堂
우슬공원,Wooseul Park,牛膝公園
울돌목무궁화동산,Uldol Mokmu Palace Garden,ウルドルモックムグンファドンサン
웅천친수공원(해수욕장),Ungcheon Chinsoo Park (Beach),熊川親水公園(海水浴場)
월현대산근린공원,Wolhyeonsan Neighborhood Park,月現代山近隣公園
유금소공원,Yugeumso Park,ユグムソ公園
유달산난공원,Yudalsan Nan Park,儒達山南公園
유전제공원,an oil field provider,油田提供源
율촌성당,Yulchon Cathedral,栗村聖堂
은성공원,Eunseong Park,ウンソン公園
읍동성당,Eupdong Cathedral,邑東聖堂
검단천,Geomdancheon River,黔丹川
가마오름,Gama Oreum Parasitic Cone,カマオルム
가세오름,Gase Oreum Volcanic Cone,カセオルム
가시오름,Gasi Oreum Volcanic Cone,カシオルム
가덕도 등대,Gadeokdo Lighthouse,加徳島灯台
가덕도 연대봉,Gadeokdo Island Yeondaebong,加徳島ヨンデ棒
가래실 문화마을,Garaesil Culture Village,カレシル文化村
가산수피아,Gasanthupia,架山スピア
가뫼골마을,Gamoegol Village,カメゴル村
가산수변공원,Gasan Subyeon Park,架山水辺公園
가야랜드,Gaya Land,伽倻ランド
가야의 거리,The streets of Gaya,伽耶エキル
가야진사,Gayajinsa Shrine,伽耶津祠
가오치선착장,Kaochi Seonchagjang(Dockyard),加五峙船着場
가조도,Gajo Island,加助島
가조도선착장,Gajodo Seonchagjang(Dockyard),加助島船着場
가지산도립공원(밀양),Gajisan Provincial Park (Milyang),迦智山道立公園(密陽)
부왕산,Mt. Buwangsan,ブワン山
가진해수욕장,Gajin Beach,加津海水浴場
계양천,Gyeyangcheon River,桂陽川
가락공방,Ga Rack Gong Bang (Making Chopsticks),カラク工房
가산사,Gasansa Temple,佳山寺
사우시그마랜드,Sau Sigma Land,サウシグマランド
가계해변,Gagye Beach,カギェ海辺
가마미해수욕장,Kamami Beach,駕馬尾海水浴場
가마소계곡,Gamaso Valley,ガマソ渓谷
가사도,Gasa Island,加沙島
가사도 등대,Gasado Lighthouse,加沙島灯台
가사동백숲해변,Gasa Camellia Grove Beach,カサ椿の森海辺
가우도,Gaudo Island,駕牛島
가정녹색농촌체험마을,Gajeongnogsaeg Farming Village,柯亭緑色農村体験マウル
가좌산대나무숲길,Gajwasan Bamboo Forest Road,加佐山竹林の道
강원랜드 카지노,Kangwon Land Casino,江原ランド カジノ
홍대 거리,Hongik University (Hongdae) Street,弘大通り
서울숲,Seoul Forest,ソウルの森
동대문 디자인 플라자,Dongdaemun Design Plaza (DDP),東大門デザインプラザ（DDP）
남산 타워,N Seoul Tower,南山・Nソウルタワー
익선동,Ikseon-dong,益善洞
국립 아시아 문화 전당,Asia Culture Center,国立アジア文化殿堂
5.18 기념공원,5·18 Memorial Park,5・18記念公園
양림 역사 문화 공원,Yangnim History & Culture Village,楊林歴史文化村
무등산 국립 공원,Mudeungsan National Park,
내장산 국립 공원,Naejangsan National Park,内蔵山国立公園
전주 한옥 마을,Jeonju Hanok Village,全州韓屋村
마이산 도립 공원,Maisan Provincial Park,馬耳山道立公園
고창 운곡 람사르 습지,Gochang Dolmens & Ungok Ramsar Wetland Village,高敞支石墓・雲谷湿地村
고군산 군도,Gogunsan Islands,古群山群島
코엑스 (스타필드),COEX (Starfield),Coex（スターフィールド）
개항장 거리 & 송월동 동화마을,Open Port Cultural District & Incheon Chinatown (Songwol-dong Fairy Tale Village),開港場文化地区&仁川チャイナタウン（松月洞童話村）
강화 고려도성(원도심) 스토리 워크,Goryeo City Wall Tour (Ganghwa Old Town Story Walk),高麗都城旅行（江華旧都心ストーリーウォーク）
백령도 & 대청도,Baengnyeongdo Island & Daecheongdo Island,白翎島・大青島
송도 센트럴 파크,Songdo Central Park,松島セントラルパーク
수원 화성,Suwon Hwaseong Fortress,水原華城
한국 민속촌,Korean Folk Village,韓国民俗村
익산 왕궁리 유적,Archaeological Site in Wanggung-ri,王宮里遺跡
무주 반디랜드 & 태권도원,Bandi Land & Taekwondowon,パンディ（蛍）ランド&テコンドー園
목포 근대역사관 & 목포 해상 케이블카 ,Modern History and Culture Space & Mokpo Marine Cable Car,近代歴史文化空間&木浦海上ケーブルカー
2012 여수 EXPO & 여수 해상 케이블카,EXPO 2012 Yeosu Korea Site & Yeosu Maritime Cable Car,麗水EXPO会場&麗水海上ケーブルカー
순천만 습지 & 순천만 국가 정원,Suncheonman Wetland & Suncheonman National Garden,順天湾湿地&順天湾国家庭園
죽녹원,Juknokwon,竹緑苑
천은사 상생의 길 & 솔잎 길,Sangsaeng Trail & Pine Trail,共生の道&松林の道
섬진강 기차 마을,Seomjingang Train Village in Gokseong,谷城蟾津江汽車村
서울 랜드,Seoul Land,ソウルランド
광명 동굴,Gwangmyeong Cave,光明洞窟
파주 임진각 dmz,Imjingak Pavilion and Paju DMZ,
안성 팜랜드,Anseong Farmland,安城ファームランド
두물랜드,Dumulmeori,トゥムルモリ
헤이리 예술마을,Heyri Art Valley,ヘイリ芸術村
태종대 절벽 해안,Taejongdae Cliffed Coast,
해운대 해수욕장 & 송정 해수욕장,Haeundae Beach & Songjeong Beach,海雲台海水浴場&松亭海水浴場
부산 x 더 스카이  & 부산 블루레인,BUSAN X the SKY & Busan Green Railway,BUSAN X the SKY&海雲台グリーンレールウェイ
감천 문화 마을,Gamcheon Culture Village,甘川文化村
송도 용도 구름 다리& 바다, Songdo Yonggung Suspension Bridge & Beach, 龍宮吊橋&松島海水浴場
용두산 자갈치 관광 특구,Yongdusan and Jagalchi Special Tourist Zone,龍頭山・チャガルチ観光特区
광안리 해수욕장 & SUP zone,Gwangalli Beach & SUP Zone,広安里海辺&SUPゾーン
오시리아 광관 단지,OSIRIA Tourist Complex,オシリア観光団地
간현관광지(소금산그랜드밸리),Ganhyeon Tourist Area(Sogeumsan Grand Valley),艮峴観光地（小金山グランドバレー）
뮤지엄 산,Museum SAN,ミュージアムSAN
강릉 카페 거리,Gangneung Coffee Street,江陵コーヒー通り
도째비골 스카이밸리 & 해랑 전망대,Dojjaebigol Sky Valley & Haerang Observatory,トチェビゴルスカイバレー&ヘラン展望台
대관령,Daegwallyeong,大関嶺
서문 시장 & 동성로 거리,Seomun Market & Dongseong-ro Street,西門市場&東城路
대구 앞산 공원,Apsan Park,アプ山公園
수성못,Suseongmot Lake,寿城池
태화강 국가 정원,Taehwagang National Garden,太和江国家庭園
영남 알프스,Yeongnam Alps,嶺南アルプス
대왕암 공원,Daewangam Park,大王岩公園
장생포 고래 문화 마을 ,Jangsaengpo Whale Culture Zone,長生浦クジラ文化特区
스페이스 공원,Space Walk,スペースウォーク
한탄강 세계 지질 공원,Hantangang River UNESCO Global Geopark,漢灘江ユネスコ世界ジオパーク
원대리 자작나무 숲,Wondae-ri Birch Forest,院垈里シラカバ林
국립 세종 수목원,Sejong National Arboretum,国立世宗樹木園
청풍 호반 케이블 카,Cheongpung Cable Car,清風湖畔ケーブルカー
불국사&석굴암,Bulguksa Temple & Seokguram Grotto,仏国寺&石窟庵
문경단산 모노레일,Mungyeong Dansan Tourist Monorail,聞慶亶山モノレール
죽변 해안 스카이 레일,Jukbyeon Coast Sky Rail,竹辺海岸スカイレール
울릉도&독도,Ulleungdo and Dokdo Islands,鬱陵島&独島
김해 가야 테마파크,Gimhae Gaya Theme Park,金海加耶テーマパーク
디피랑(남망산조각공원),DPIRANG in Tongyeong,統営ディピラン（DPIRANG）
당항포관광지,Danghangpo in Goseong,余佐川（桜）
만천하 스카이워크 & 단양강 잔도,Mancheonha Skywalk & Danyanggang Jando Trail,満天下スカイウォーク&丹陽江桟道
수덕사,Sudeoksa Temple,修徳寺
대천 해수욕장,Daecheon Beach,大川海水浴場
안면도 꽃지 해수욕장,Anmyeondo Kkotji Beach,安眠島コッチ海辺
해미읍성,Haemieupseong Walled Town in Seosan,瑞山海美邑城
거창 항노화 힐링랜드, Geochang Anti-Aging Healing Land,居昌・抗老化ヒーリングランド
황매산 군립공원,Hwangmaesan County Park,黄梅山郡立公園
성산일출봉,Seongsan Ilchulbong Tuff Cone,城山日出峰
한라산 국립공원,Hallasan National Park,漢拏山国立公園
제주 올레 길,Jeju Olle Trail,済州オルレ道
우도,Udo Island,牛島
비자림,Bijarim Forest,榧子林
제주 돌문화공원,Jeju Stone Park,済州石文化公園